datetime,nat_demand,T2M_toc,QV2M_toc,TQL_toc,W2M_toc,T2M_san,QV2M_san,TQL_san,W2M_san,T2M_dav,QV2M_dav,TQL_dav,W2M_dav,Holiday_ID,holiday,school
2020-02-13 08:00:00,1368.9912,-245.73212890624995,0.01724647,0.0121536255,25.637365502088848,-245.41181640624995,0.017086253,0.04269409,15.081676405353642,-249.51337890624995,0.0166056,0.088012695,4.876999541807672,0,0,0
2020-02-13 09:00:00,1471.1406,-244.56586914062495,0.017222812,0.0066452026,26.009304658775637,-243.40180664062495,0.016818454,0.03135681,15.554426616816505,-247.44086914062495,0.016650608,0.084106445,4.83627889435735,0,0,0
2020-02-13 10:00:00,1552.7611,-243.50349121093745,0.017268332,0.0045547485,25.747280639460712,-241.61286621093745,0.016696127,0.018585205,14.691160448123217,-245.57380371093745,0.016459616,0.079711914,4.173372842451366,0,0,0
2020-02-13 11:00:00,1588.4189,-242.62797241210933,0.01730682,0.0030641556,24.666631161775896,-240.31547241210933,0.01680328,0.009815216,13.301820977396188,-244.35453491210933,0.016849056,0.0763855,2.662857789190683,0,0,0
2020-02-13 12:00:00,1597.1785,-242.0282104492187,0.017359499,0.0018610954,22.90175269470129,-239.4813354492187,0.016871218,0.0050373077,12.180822821574727,-243.5907104492187,0.01684833,0.0848999,1.6673577211924484,0,0,0
2020-02-13 13:00:00,1643.14,-241.68940429687495,0.01735938,0.0010838509,20.83492852942318,-239.04877929687495,0.016764287,0.0034837723,11.42338388310663,-243.29877929687495,0.016939763,0.082214355,1.106618317211918,0,0,0
2020-02-13 14:00:00,1650.7056,-241.62678222656245,0.017329015,0.00067305565,19.113814585791594,-238.98615722656245,0.016543187,0.008777618,10.81244571738316,-243.34553222656245,0.016955175,0.07949829,0.8068437762908122,0,0,0
2020-02-13 15:00:00,1636.6916,-241.82209472656245,0.017329529,0.0040779114,18.12960398321979,-239.40021972656245,0.016284302,0.011894226,10.365476762817416,-243.79084472656245,0.01694043,0.076049805,0.7064371299955304,0,0,0
2020-02-13 16:00:00,1558.4,-242.43696289062495,0.017352298,0.004085541,18.512659696293284,-240.35883789062495,0.016177371,0.010631561,10.15804513507331,-244.73383789062495,0.01720734,0.07235718,0.921676061469122,0,0,0
2020-02-13 17:00:00,1425.3148,-243.53818969726558,0.017374601,0.002272606,19.893150316236856,-242.13193969726558,0.01625308,0.008358002,9.293284212508931,-246.03818969726558,0.017420378,0.07272339,1.2908703476138703,0,0,0
2020-02-13 18:00:00,1407.6894,-244.9256713867187,0.017496279,0.0035848618,21.173519870951687,-244.6912963867187,0.016534975,0.004501343,7.181791813980881,-247.6366088867187,0.017748049,0.062301636,1.3246960750229402,0,0,0
2020-02-13 19:00:00,1440.3865,-245.87736206054683,0.017709877,0.0062732697,22.003177676891568,-246.10392456054683,0.016458657,0.0032587051,8.377610818237535,-248.56486206054683,0.017618325,0.054092407,1.5777853791053025,0,0,0
2020-02-13 20:00:00,1389.8774,-246.38105468749995,0.017779492,0.0073776245,21.63563040287219,-247.03730468749995,0.016459607,0.0027427673,8.952159569900765,-249.05292968749995,0.017192028,0.047546387,2.385900572845149,0,0,0
2020-02-13 21:00:00,1364.9246999999998,-246.63230590820308,0.017843451,0.0069179535,21.29979755144217,-247.73386840820308,0.01659986,0.004673004,8.926226222326184,-249.47605590820308,0.016889777,0.04689026,3.40348464704794,0,0,0
2020-02-13 22:00:00,1322.9521,-246.8247192382812,0.017945757,0.01127243,21.423324537254143,-248.2153442382812,0.016679278,0.008449554,9.31870041033869,-249.8637817382812,0.01664876,0.048934937,4.137172017538534,0,0,0
2020-02-13 23:00:00,1258.1174,-246.9824340820312,0.017969644,0.014808655,21.76420964641728,-248.5293090820312,0.016703164,0.014461517,9.448622684925558,-250.1699340820312,0.016474282,0.052734375,4.434464500120847,0,0,0
2020-02-14 00:00:00,1205.0728,-247.12666015624995,0.017891962,0.012493134,22.228217919459944,-248.71259765624995,0.016724665,0.015159607,9.637248351377732,-250.42353515624995,0.016305048,0.05596924,4.62943241422145,0,0,0
2020-02-14 01:00:00,1166.5862,-247.28367309570308,0.017777136,0.0073013306,22.56954803027778,-248.85398559570308,0.016800573,0.012088776,9.523163974454636,-250.63523559570308,0.016152075,0.060012817,4.861868670746684,0,0,0
2020-02-14 02:00:00,1135.4749,-247.45029907226558,0.017731348,0.012306213,22.790637171878178,-248.89561157226558,0.016915003,0.016311646,9.388077829104176,-250.80967407226558,0.016037622,0.06317139,5.07379203288394,0,0,0
2020-02-14 03:00:00,1093.8649,-247.51243286132808,0.017646821,0.019302368,24.057637394228628,-248.95774536132808,0.016983064,0.02217102,9.111547123573878,-250.93430786132808,0.015968354,0.06317139,5.221512129552835,0,0,0
2020-02-14 04:00:00,1084.2786,-247.48640136718745,0.017515948,0.02872467,24.99774322089287,-249.15827636718745,0.017004779,0.016708374,8.096568334345397,-250.97858886718745,0.015936663,0.06738281,5.132589758651594,0,0,0
2020-02-14 05:00:00,1097.6806,-247.47541503906245,0.017537773,0.03302002,24.94189535542354,-249.21760253906245,0.017003715,0.01177597,7.873269855632061,-250.94416503906245,0.015981376,0.07223511,4.81131729257313,0,0,0
2020-02-14 06:00:00,1108.5537000000002,-247.42707519531245,0.017651439,0.029685974,25.20138992836088,-249.28645019531245,0.017048717,0.013168335,7.354049719149885,-250.92707519531245,0.01600349,0.08151245,4.611914136942573,0,0,0
2020-02-14 07:00:00,1221.7687,-246.76127319335933,0.017612817,0.020271301,28.333526184622475,-247.56596069335933,0.017261865,0.024017334,11.230485638574258,-250.31596069335933,0.016216638,0.08862305,4.996175336969441,0,0,0
2020-02-14 08:00:00,1380.9471999999998,-245.66547851562495,0.017177712,0.017501831,31.816374395702287,-245.35297851562495,0.0170709,0.031166077,15.29750767772,-249.04047851562495,0.016391885,0.0809021,5.484371337889402,0,0,0
2020-02-14 09:00:00,1462.3987,-244.51591186523433,0.016903108,0.006494522,32.70774561988576,-243.36747436523433,0.016704744,0.029541016,16.69120342178719,-247.23466186523433,0.016269868,0.07235718,5.652677330397244,0,0,0
2020-02-14 10:00:00,1540.7787,-243.55976562499995,0.016697632,0.0037488937,32.96117261485829,-241.70039062499995,0.016384827,0.02583313,16.941214331977275,-245.66132812499995,0.015988098,0.07928467,5.541385346731818,0,0,0
2020-02-14 11:00:00,1559.7271999999998,-242.8435180664062,0.016552335,0.0011663437,32.53026790664542,-240.4841430664062,0.016125089,0.0205307,16.7533714886823,-244.6247680664062,0.016033536,0.074523926,4.716490357858942,0,0,0
2020-02-14 12:00:00,1562.905,-242.41730957031245,0.01637616,0.0019392967,31.733909362351948,-239.80793457031245,0.015933655,0.02166748,16.485769148317623,-244.08918457031245,0.016147278,0.06994629,3.980374183317593,0,0,0
2020-02-14 13:00:00,1584.296,-242.30183105468745,0.016330078,0.0040779114,30.83882203223621,-239.58308105468745,0.015712097,0.022033691,16.37039899876928,-243.98933105468745,0.016032532,0.079833984,3.8967660333469136,0,0,0
2020-02-14 14:00:00,1605.9239,-242.52595214843745,0.016513297,0.006788254,29.902759702773203,-239.76032714843745,0.015399406,0.024475098,16.401825072919667,-244.26032714843745,0.015872428,0.09442139,4.172387458101764,0,0,0
2020-02-14 15:00:00,1569.0205,-243.00370483398433,0.01673476,0.014415741,29.025962352323752,-240.56620483398433,0.015014332,0.023620605,16.500866731940885,-244.94120483398433,0.015712421,0.08670044,4.756104351525532,0,0,0
2020-02-14 16:00:00,1527.4508,-243.73533325195308,0.01685658,0.0393219,28.45235255592755,-242.01658325195308,0.014567761,0.018539429,16.67040795919161,-245.90720825195308,0.015628247,0.06341553,5.450574365150354,0,0,0
2020-02-14 17:00:00,1367.7429,-244.82819824218745,0.016985485,0.051376343,27.86374459650844,-243.90632324218745,0.0142122,0.012435913,15.894683784058582,-247.12507324218745,0.0155091975,0.037017822,6.346047130781192,0,0,0
2020-02-14 18:00:00,1336.737,-245.94938354492183,0.017198933,0.045654297,26.74527055518999,-246.19938354492183,0.0143607985,0.01863861,12.099244981649743,-248.63688354492183,0.015383137,0.03517151,6.9920887219148895,0,0,0
2020-02-14 19:00:00,1428.416,-246.52109985351558,0.017389946,0.025871277,25.66900123712878,-247.46641235351558,0.014879874,0.038101196,10.693388784206132,-249.64609985351558,0.015474967,0.043884277,7.018826231028729,0,0,0
2020-02-14 20:00:00,1381.4771999999998,-246.75520019531245,0.01751265,0.011642456,24.54753278777313,-247.96613769531245,0.01541075,0.04360962,10.73121539795173,-250.09113769531245,0.015586226,0.05203247,6.760137803292684,0,0,0
2020-02-14 21:00:00,1329.5614,-246.90293579101558,0.017628107,0.00875473,23.91390766600888,-248.16856079101558,0.015926752,0.039993286,11.030819536406868,-250.23106079101558,0.015690241,0.06686401,6.6927676209274125,0,0,0
2020-02-14 22:00:00,1285.3698,-246.95441894531245,0.01762158,0.01266098,23.848768670307567,-248.18098144531245,0.016431395,0.035964966,11.51360639294356,-250.19660644531245,0.015798155,0.075408936,6.7059452552915895,0,0,0
2020-02-14 23:00:00,1253.9562,-246.9677856445312,0.017584542,0.01108551,23.28008649829644,-248.1396606445312,0.016806344,0.032806396,12.163728714260724,-250.1474731445312,0.015829781,0.075805664,6.83296539463574,0,0,0
2020-02-15 00:00:00,1223.8721,-247.0295532226562,0.01753145,0.01127243,23.472053396526988,-248.2014282226562,0.016966876,0.03164673,12.35321941344478,-250.1545532226562,0.015814837,0.070373535,7.070238291651309,0,0,0
2020-02-15 01:00:00,1195.9921,-247.13230590820308,0.017538738,0.013431549,23.98901344601902,-248.29636840820308,0.016905498,0.037384033,12.654953546879645,-250.12449340820308,0.015806865,0.067840576,7.178794341377999,0,0,0
2020-02-15 02:00:00,1145.8274,-247.1704223632812,0.017515292,0.022148132,24.68887649445786,-248.3579223632812,0.016721835,0.034317017,13.152820960491708,-250.0454223632812,0.015829196,0.06741333,6.974908077495656,0,0,0
2020-02-15 03:00:00,1124.2313,-247.18024902343745,0.01756816,0.025375366,24.605822957940266,-248.43806152343745,0.016477156,0.02949524,13.098053427936314,-250.02399902343745,0.015821029,0.07092285,6.805958311277778,0,0,0
2020-02-15 04:00:00,1114.0737,-247.24189453124995,0.017788839,0.023025513,23.809194414080057,-248.60908203124995,0.0163774,0.024429321,12.73569353675176,-250.07001953124995,0.015797567,0.07144165,6.654848760409644,0,0,0
2020-02-15 05:00:00,1100.0921,-247.33234863281245,0.017979123,0.034713745,22.62706722362795,-248.73859863281245,0.016399838,0.018562317,12.371124215505588,-250.13703613281245,0.015774228,0.07171631,6.380577537680698,0,0,0
2020-02-15 06:00:00,1085.4113,-247.32853393554683,0.01801668,0.058135986,22.292247406522154,-248.71915893554683,0.0164908,0.028388977,12.220483931029284,-250.21134643554683,0.015720231,0.06881714,6.139590912153961,0,0,0
2020-02-15 07:00:00,1144.4313000000002,-246.73826293945308,0.017855959,0.056732178,25.287471024123757,-247.22263793945308,0.016726809,0.031799316,15.010687903716253,-249.69138793945308,0.015757876,0.06518555,6.530853276957497,0,0,0
2020-02-15 08:00:00,1252.2129,-245.72434692382808,0.017359845,0.05088806,29.427893909374596,-245.17747192382808,0.016711347,0.023284912,18.295568536232068,-248.38840942382808,0.015597456,0.057113647,7.090784674133173,0,0,0
2020-02-15 09:00:00,1351.9487,-244.59959106445308,0.01705473,0.036956787,31.263673336762785,-243.24021606445308,0.01629179,0.016998291,19.726116424411902,-246.94334106445308,0.015410595,0.050735474,7.22962787604412,0,0,0
2020-02-15 10:00:00,1422.4914,-243.5665405273437,0.016979102,0.031555176,32.259856210992425,-241.6290405273437,0.015849952,0.014839172,19.80815442103032,-245.6993530273437,0.015071753,0.047912598,7.096001022725854,0,0,0
2020-02-15 11:00:00,1416.3474,-242.8382690429687,0.017033013,0.033355713,32.41435686552888,-240.5101440429687,0.015598686,0.017349243,19.207904738184027,-244.8851440429687,0.014954003,0.042541504,6.750566687638012,0,0,0
2020-02-15 12:00:00,1398.6353,-242.40641479492183,0.017070096,0.035964966,31.61322720054381,-239.82828979492183,0.015486997,0.019500732,18.53894634919367,-244.51578979492183,0.014991086,0.04034424,6.462438619237298,0,0,0
2020-02-15 13:00:00,1400.3402,-242.2977416992187,0.017099341,0.04324341,30.41904196409992,-239.6102416992187,0.015459021,0.019508362,18.252378117544048,-244.4539916992187,0.015008886,0.039657593,6.424310509166605,0,0,0
2020-02-15 14:00:00,1379.764,-242.45835571289058,0.01702953,0.042053223,29.446786017952952,-239.89585571289058,0.015320545,0.01613617,18.13489076340104,-244.69273071289058,0.01507259,0.043502808,6.505001702510016,0,0,0
2020-02-15 15:00:00,1345.5193,-242.91312866210933,0.016921885,0.03616333,29.01965112414668,-240.71000366210933,0.01522816,0.01133728,17.904775432168012,-245.17875366210933,0.015109904,0.050247192,6.694682388122086,0,0,0
2020-02-15 16:00:00,1342.9457,-243.74604492187495,0.016806975,0.038024902,29.81905956727278,-241.99604492187495,0.015181913,0.010593414,17.90241929226643,-245.96479492187495,0.015086546,0.059310913,7.136617003969916,0,0,0
2020-02-15 17:00:00,1282.7556,-245.03901367187495,0.016822172,0.041748047,30.37595376106784,-243.67963867187495,0.015273405,0.015930176,17.090438498579566,-247.10151367187495,0.015170408,0.0690918,7.438815770807977,0,0,0
2020-02-15 18:00:00,1280.8532,-246.2324340820312,0.01701319,0.0393219,29.85218688008364,-245.6699340820312,0.0156399,0.024917603,14.090317116303249,-248.5449340820312,0.015575049,0.08413696,6.656592011597398,0,0,0
2020-02-15 19:00:00,1342.3575,-246.79649047851558,0.017180948,0.027870178,29.662932968355577,-246.79649047851558,0.016089944,0.03100586,13.419234571160535,-249.40586547851558,0.015998391,0.1053772,6.135794287191269,0,0,0
2020-02-15 20:00:00,1322.8651,-246.9932983398437,0.017181063,0.018363953,30.402372107063098,-247.3995483398437,0.016364718,0.05822754,13.627507132747214,-249.8604858398437,0.016196871,0.12374878,6.309263149590743,0,0,0
2020-02-15 21:00:00,1283.7947,-247.12827758789058,0.01707504,0.014850616,31.394791869718915,-247.80015258789058,0.016388394,0.062026978,14.092382702869685,-250.11265258789058,0.016258694,0.1133728,6.661773573331203,0,0,0
2020-02-15 22:00:00,1227.5867,-247.29600219726558,0.016962036,0.012893677,31.01626479188984,-248.10850219726558,0.016359314,0.041366577,14.249424458977613,-250.28818969726558,0.016237244,0.10839844,7.006411303008398,0,0,0
2020-02-15 23:00:00,1199.4631,-247.4344604492187,0.01688744,0.0129852295,29.891697024849407,-248.3328979492187,0.01636864,0.024795532,14.374943534408462,-250.4813354492187,0.01613213,0.10992432,7.115539453768748,0,0,0
2020-02-16 00:00:00,1150.247,-247.56943969726558,0.016902437,0.018569946,27.91486922244227,-248.51475219726558,0.016414156,0.012611389,13.979086989030256,-250.63975219726558,0.016040316,0.10144043,6.896939245632571,0,0,0
2020-02-16 01:00:00,1109.8514,-247.68937377929683,0.016947849,0.020606995,26.70803722326551,-248.65812377929683,0.01642905,0.012653351,13.702114949947052,-250.75187377929683,0.015963657,0.08529663,6.681783593819012,0,0,0
2020-02-16 02:00:00,1074.8874,-247.7931030273437,0.016992662,0.022346497,25.908766181334503,-248.7618530273437,0.016359422,0.01979065,13.842683593458442,-250.8634155273437,0.015871141,0.0770874,6.568636029939796,0,0,0
2020-02-16 03:00:00,1052.3262,-247.89655761718745,0.017060684,0.018692017,25.48943822805125,-248.87312011718745,0.01622145,0.025909424,14.045941325251304,-250.98249511718745,0.015771316,0.07577515,6.481883242654015,0,0,0
2020-02-16 04:00:00,1042.3784999999998,-247.9643676757812,0.017121805,0.016479492,25.7491747914648,-249.0034301757812,0.016030801,0.027198792,14.066215964113171,-251.0893676757812,0.015710367,0.074035645,6.35527282225269,0,0,0
2020-02-16 05:00:00,1026.384,-247.98725585937495,0.017190889,0.016784668,26.430617455188216,-249.15131835937495,0.015878633,0.014442444,13.57429113065235,-251.17475585937495,0.01565738,0.07836914,6.192015980056724,0,0,0
2020-02-16 06:00:00,1002.539,-247.93528442382808,0.01723583,0.018081665,27.384780800335463,-249.22434692382808,0.015786245,0.0053749084,12.973273137009455,-251.23997192382808,0.015618399,0.08016968,6.047888212260784,0,0,0
2020-02-16 07:00:00,1006.3978,-247.23283081054683,0.017066453,0.0210495,31.1934113808384,-247.89689331054683,0.015754197,0.0022449493,15.139382598261497,-250.74064331054683,0.015731309,0.076812744,6.271553038129455,0,0,0
2020-02-16 08:00:00,1045.3431,-246.06113891601558,0.016554045,0.042251587,35.10451537212441,-245.90488891601558,0.015474485,0.0022058487,17.98747122565454,-249.49082641601558,0.015691923,0.05784607,6.589330788700771,0,0,0
2020-02-16 09:00:00,1093.7069,-244.88935546874995,0.016385341,0.040908813,35.10119298228049,-244.04560546874995,0.014916682,0.0028123856,19.18858527379156,-247.75654296874995,0.015301966,0.045455933,6.566905189997345,0,0,0
2020-02-16 10:00:00,1159.7886,-243.86784057617183,0.016453698,0.041793823,33.455633262167616,-242.46159057617183,0.014580682,0.0026073456,18.824192713719285,-246.30534057617183,0.014874414,0.049331665,6.121021158631464,0,0,0
2020-02-16 11:00:00,1189.8894,-243.10078124999995,0.016622052,0.04750061,31.407957043160252,-241.21015624999995,0.0144934505,0.0024051666,18.077106501870823,-245.25703124999995,0.0145697445,0.062469482,5.584323538279993,0,0,0
2020-02-16 12:00:00,1220.4393,-242.65250854492183,0.016844515,0.053115845,29.87805568757649,-240.35563354492183,0.014532808,0.0031490326,17.362215808495232,-244.74625854492183,0.0148189105,0.061080933,5.037576435351676,0,0,0
2020-02-16 13:00:00,1218.8886,-242.43137817382808,0.016960422,0.0544281,29.01921158669341,-239.93137817382808,0.014606754,0.003973007,17.12415214277445,-244.57200317382808,0.014957706,0.055541992,5.0069082106033,0,0,0
2020-02-16 14:00:00,1234.1662,-242.44944458007808,0.016991308,0.05758667,28.76320491160728,-239.94944458007808,0.01457279,0.0046215057,17.266517519705612,-244.69944458007808,0.014919927,0.045928955,5.317762544550537,0,0,0
2020-02-16 15:00:00,1216.1235,-242.88056640624995,0.016998487,0.054107666,29.086198314201305,-240.56806640624995,0.014545635,0.0046920776,17.393199301968796,-245.16181640624995,0.0148202935,0.03704834,5.741411199916648,0,0,0
2020-02-16 16:00:00,1200.1023,-243.78208618164058,0.0170364,0.045578003,30.1257744324731,-241.93833618164058,0.014568292,0.007703781,17.67989252083677,-246.04771118164058,0.014816247,0.036743164,6.294897874483994,0,0,0
2020-02-16 17:00:00,1178.6409,-245.0433471679687,0.017142873,0.039535522,30.64436230235455,-243.8245971679687,0.014705282,0.01266098,17.090400892704064,-247.2933471679687,0.014747243,0.04145813,6.879723993464951,0,0,0
2020-02-16 18:00:00,1195.3183,-246.21662597656245,0.017387014,0.030838013,29.58752172200961,-245.95100097656245,0.015132529,0.027572632,14.076185381827154,-248.86506347656245,0.015040976,0.055404663,6.67921426160786,0,0,0
2020-02-16 19:00:00,1266.1074,-246.73917846679683,0.01767693,0.023117065,28.13141001172972,-247.11417846679683,0.015693288,0.04953003,13.076231906835686,-249.84074096679683,0.015441517,0.08343506,6.099902167864623,0,0,0
2020-02-16 20:00:00,1252.292,-246.95979003906245,0.017845044,0.020050049,26.99093475747054,-247.59260253906245,0.01612843,0.052947998,12.73026113813144,-250.14729003906245,0.015617262,0.09109497,5.867600242431353,0,0,0
2020-02-16 21:00:00,1269.1213,-247.06184082031245,0.017883565,0.027526855,27.064136166348707,-247.81184082031245,0.016403463,0.04295349,12.75231316620115,-250.24934082031245,0.015770223,0.08734131,5.952495083860941,0,0,0
2020-02-16 22:00:00,1250.1639,-247.16465454101558,0.017867792,0.026428223,27.02880360588005,-247.93809204101558,0.016624201,0.029388428,12.839756557260229,-250.25059204101558,0.015907038,0.08416748,6.005193570183117,0,0,0
2020-02-16 23:00:00,1203.5902,-247.3104370117187,0.017936418,0.028755188,26.770534931662155,-248.0057495117187,0.01678438,0.02419281,13.176475265686422,-250.2401245117187,0.015990922,0.08276367,6.053576778790489,0,0,0
2020-02-17 00:00:00,1146.8723,-247.40342407226558,0.017868377,0.035873413,27.480325326118265,-248.07529907226558,0.016838409,0.028823853,13.345381034136455,-250.25498657226558,0.015999176,0.09503174,6.084115881905367,0,0,0
2020-02-17 01:00:00,1115.825,-247.50297241210933,0.017815838,0.030090332,27.68160887171413,-248.15922241210933,0.01677824,0.034240723,13.53034081344872,-250.29203491210933,0.015961895,0.10812378,6.108863291664625,0,0,0
2020-02-17 02:00:00,1096.4228,-247.6251342773437,0.017854756,0.023086548,27.03964801356086,-248.2423217773437,0.016687458,0.038726807,13.51556551987454,-250.3204467773437,0.01591689,0.11883545,6.090689172695375,0,0,0
2020-02-17 03:00:00,1049.2292,-247.6980102539062,0.017870324,0.02532959,26.50257957714992,-248.3073852539062,0.016611474,0.04032898,13.568663881398464,-250.3151977539062,0.01590957,0.122283936,6.148399712374946,0,0,0
2020-02-17 04:00:00,1026.4435,-247.71726684570308,0.017863577,0.025848389,25.123093116478667,-248.37351684570308,0.01655895,0.038391113,13.853244365691612,-250.27976684570308,0.015918082,0.1217041,6.306735089853649,0,0,0
2020-02-17 05:00:00,1063.5448,-247.71540527343745,0.017863773,0.029403687,23.959075940993404,-248.44196777343745,0.016551517,0.03338623,14.206797222132476,-250.23103027343745,0.015918277,0.11975098,6.632529851599678,0,0,0
2020-02-17 06:00:00,1111.3561,-247.6602905273437,0.017855464,0.02254486,24.083005340701032,-248.4493530273437,0.016550837,0.02733612,14.456159373195987,-250.1993530273437,0.01588708,0.11230469,7.075946873902636,0,0,0
2020-02-17 07:00:00,1208.9692,-246.99201660156245,0.017748022,0.0127334595,28.160807576737277,-247.21076660156245,0.016626501,0.0209198,16.626202789622777,-249.60139160156245,0.015909338,0.09613037,7.73194843859583,0,0,0
2020-02-17 08:00:00,1385.1949,-245.8404663085937,0.017343098,0.019706726,33.06413146524163,-245.2623413085937,0.0164352,0.014392853,19.221129187718827,-248.2545288085937,0.015748555,0.076934814,8.154660237038879,0,0,0
2020-02-17 09:00:00,1478.0012,-244.62467651367183,0.017090298,0.018348694,34.559547211541954,-243.30436401367183,0.016037442,0.007577896,20.316819687919796,-246.78873901367183,0.015552974,0.05883789,8.07807281418256,0,0,0
2020-02-17 10:00:00,1544.8569,-243.6291625976562,0.01705976,0.01391983,34.660596619328594,-241.7072875976562,0.015770392,0.0054397583,21.063010414345896,-245.5276000976562,0.015400366,0.04548645,7.847460915625233,0,0,0
2020-02-17 11:00:00,1555.0696,-242.91718749999995,0.017159982,0.015853882,34.22088354864043,-240.58906249999995,0.0156074,0.006565094,21.57979859775181,-244.68281249999995,0.015450997,0.039001465,7.573668923845139,0,0,0
2020-02-17 12:00:00,1561.4265,-242.42670898437495,0.017212808,0.011676788,33.61779526452123,-239.95795898437495,0.0155572295,0.0065898895,21.91005983665719,-244.30170898437495,0.015530527,0.037826538,7.507945406845852,0,0,0
2020-02-17 13:00:00,1565.0393,-242.19450073242183,0.017227601,0.010894775,33.218571921559366,-239.71012573242183,0.015446139,0.006456375,21.98295771017858,-244.22575073242183,0.015537691,0.04182434,7.503420271141745,0,0,0
2020-02-17 14:00:00,1563.0816,-242.3173950195312,0.01722725,0.007455826,32.96925908596877,-240.0986450195312,0.015373306,0.006357193,21.780859413530777,-244.4423950195312,0.015544968,0.04837036,7.394993299748169,0,0,0
2020-02-17 15:00:00,1552.6228,-242.85496215820308,0.017204007,0.0027227402,32.786196265003724,-241.07371215820308,0.015323361,0.0075702667,21.03487604270194,-244.93308715820308,0.015536984,0.049835205,7.154665703791324,0,0,0
2020-02-17 16:00:00,1502.7979,-243.7265747070312,0.017196199,0.004091263,32.5130048349647,-242.3046997070312,0.015319368,0.007892609,19.407975891324732,-245.6796997070312,0.015513917,0.052856445,6.822610633878444,0,0,0
2020-02-17 17:00:00,1375.2628,-244.89167480468745,0.017249722,0.009963989,31.18728355072685,-243.75104980468745,0.015308042,0.006341934,17.316417837451006,-246.68854980468745,0.015472074,0.051193237,6.603463113977108,0,0,0
2020-02-17 18:00:00,1351.367,-245.9710815429687,0.017433038,0.019798279,28.821200959638364,-245.4554565429687,0.015479913,0.006286621,14.02058665965022,-248.0257690429687,0.015594354,0.05303955,6.278428394207924,0,0,0
2020-02-17 19:00:00,1391.3269,-246.45048217773433,0.017662281,0.023406982,27.115470248672448,-246.37235717773433,0.015854115,0.0059947968,13.258297722411193,-248.90360717773433,0.015854115,0.06399536,6.295464790643883,0,0,0
2020-02-17 20:00:00,1367.7411,-246.6438110351562,0.017800098,0.023345947,26.13871135777953,-246.8703735351562,0.016220814,0.00819397,12.98277044745115,-249.3703735351562,0.015930897,0.059951782,6.718607267061291,0,0,0
2020-02-17 21:00:00,1341.8236,-246.7497680664062,0.017899863,0.020118713,25.73950672450617,-247.2028930664062,0.016488425,0.0058918,12.472221636943242,-249.6716430664062,0.015977256,0.05328369,6.61572181656044,0,0,0
2020-02-17 22:00:00,1284.6254,-246.90754394531245,0.017961703,0.016860962,25.99654526279571,-247.43879394531245,0.016679965,0.0042324066,12.895156270352697,-249.82160644531245,0.016039096,0.047210693,6.492446142890595,0,0,0
2020-02-17 23:00:00,1222.4308999999998,-247.0970581054687,0.017955203,0.016868591,26.40754037157877,-247.6204956054687,0.016803164,0.003911972,13.84703026066582,-249.9173706054687,0.016063113,0.044921875,6.559586066584476,0,0,0
2020-02-18 00:00:00,1170.8583,-247.28336791992183,0.017948054,0.015808105,25.93666872020688,-247.75993041992183,0.01685705,0.0043239594,14.351208423946014,-249.96305541992183,0.016063593,0.049118042,6.541850542857537,0,0,0
2020-02-18 01:00:00,1120.5386,-247.3988159179687,0.017903065,0.021308899,25.89730982414833,-247.8597534179687,0.016850209,0.0030269623,14.527711073602957,-249.9769409179687,0.01607201,0.04499817,6.2861491122885615,0,0,0
2020-02-18 02:00:00,1096.5901,-247.42145996093745,0.01777474,0.037963867,26.444506011520797,-247.94489746093745,0.016805807,0.0020217896,14.576865745200964,-249.99177246093745,0.01601235,0.046188354,6.029756553632106,0,0,0
2020-02-18 03:00:00,1085.4182,-247.4489868164062,0.017790321,0.052093506,26.55019551867892,-248.0349243164062,0.016745094,0.001701355,14.533317361758728,-250.0271118164062,0.015944008,0.048538208,6.065292231350816,0,0,0
2020-02-18 04:00:00,1056.9963,-247.4541137695312,0.017805355,0.052124023,26.427724568235007,-248.1025512695312,0.01660754,0.0052871704,14.482722049948835,-250.0556762695312,0.015867488,0.0471344,6.185920263980865,0,0,0
2020-02-18 05:00:00,1071.7505999999998,-247.44025878906245,0.017736183,0.043121338,26.01795090954032,-248.16682128906245,0.016317116,0.0033006668,14.225899998732094,-250.07307128906245,0.015813576,0.042526245,6.314848621937106,0,0,0
2020-02-18 06:00:00,1095.7904,-247.3991821289062,0.017583035,0.037124634,25.52899216416443,-248.1804321289062,0.016041897,0.0014181137,13.813084792794111,-250.0788696289062,0.015774868,0.036636353,6.48265949987227,0,0,0
2020-02-18 07:00:00,1203.9831,-246.8422973632812,0.017323049,0.027938843,27.611509262001345,-246.8969848632812,0.015987905,0.0007762909,15.899617633180608,-249.5376098632812,0.015766652,0.035064697,6.871436557079691,0,0,0
2020-02-18 08:00:00,1362.5135,-245.8595092773437,0.017040167,0.016792297,30.01662613016795,-244.9688842773437,0.015933905,0.0016212463,18.54589122910877,-248.2813842773437,0.015560064,0.033859253,7.123350968518323,0,0,0
2020-02-18 09:00:00,1467.7406999999998,-244.71894531249995,0.017009076,0.012130737,30.2096443187152,-243.06269531249995,0.015757855,0.0025663376,19.504929562079425,-246.87519531249995,0.015345868,0.031799316,6.901712271490488,0,0,0
2020-02-18 10:00:00,1536.7553,-243.6919067382812,0.017161168,0.00976944,29.83128609166579,-241.4106567382812,0.015597143,0.010097504,19.65065693230365,-245.5747192382812,0.015169897,0.033309937,6.517351495348092,0,0,0
2020-02-18 11:00:00,1570.9491,-242.83430175781245,0.017351545,0.005771637,29.27316859614284,-240.42805175781245,0.015520491,0.044128418,19.45748565112588,-244.63117675781245,0.015329756,0.033416748,6.059965221191923,0,0,0
2020-02-18 12:00:00,1571.3427,-242.2235229492187,0.017480321,0.0047683716,28.57346360288905,-240.3328979492187,0.015534825,0.096954346,18.90581662726448,-244.1141479492187,0.015584416,0.029273987,5.712819500759182,0,0,0
2020-02-18 13:00:00,1587.7519,-241.85416870117183,0.01748743,0.002940178,28.16981400400982,-240.66666870117183,0.015633486,0.10812378,18.374437521285728,-243.91666870117183,0.015438938,0.03540039,5.808601706319156,0,0,0
2020-02-18 14:00:00,1599.5439,-241.95689086914058,0.017525662,0.0018205643,28.238823580782583,-241.19126586914058,0.015740383,0.087677,17.844998750566358,-244.17564086914058,0.015408504,0.052978516,5.847435080831264,0,0,0
2020-02-18 15:00:00,1577.6797,-242.49589233398433,0.017532596,0.0019464493,28.277503917128243,-241.74589233398433,0.015831241,0.04598999,17.558305389039276,-244.77714233398433,0.01540781,0.07519531,5.961501559746738,0,0,0
2020-02-18 16:00:00,1521.1883,-243.45881347656245,0.017509408,0.0020828247,28.807543529585864,-242.33381347656245,0.015869088,0.010387421,17.645046206787004,-245.55256347656245,0.0154532865,0.07385254,6.156451641982446,0,0,0
2020-02-18 17:00:00,1387.5133999999998,-244.80485229492183,0.017532336,0.003923416,28.97346499098761,-243.50797729492183,0.015876757,0.0072956085,16.88335120503621,-246.57047729492183,0.015609728,0.07434082,6.380151126112046,0,0,0
2020-02-18 18:00:00,1358.3366,-246.0644653320312,0.01767763,0.013217926,27.95046400527819,-245.2363403320312,0.016098345,0.007009506,14.04810933597569,-247.8222778320312,0.015922869,0.076660156,6.491192678532316,0,0,0
2020-02-18 19:00:00,1415.3426,-246.70213012695308,0.017884186,0.017982483,27.22095654939163,-246.21775512695308,0.016503265,0.0059375763,13.717065037025248,-248.63181762695308,0.0163049,0.07751465,6.690705448470539,0,0,0
2020-02-18 20:00:00,1388.2702000000002,-246.94221191406245,0.017991701,0.018539429,26.38639737729905,-246.72346191406245,0.01699225,0.00696373,13.926448556285596,-248.96564941406245,0.016450563,0.07180786,6.9077453182036574,0,0,0
2020-02-18 21:00:00,1362.9886,-247.04447631835933,0.018046107,0.018257141,25.531022568697093,-246.97416381835933,0.01738235,0.0070552826,14.427821748457854,-249.13041381835933,0.016558375,0.06655884,7.106065901734411,0,0,0
2020-02-18 22:00:00,1311.4824,-247.11686401367183,0.01807809,0.017059326,25.005309812094477,-247.17155151367183,0.017551662,0.0045700073,14.591616703269612,-249.21061401367183,0.016605617,0.065826416,7.203736527771394,0,0,0
2020-02-18 23:00:00,1252.3338,-247.17911987304683,0.018178435,0.017974854,24.45553354003014,-247.42911987304683,0.017537566,0.0023097992,14.25879858533558,-249.25724487304683,0.01660678,0.06939697,7.145532676963197,0,0,0
2020-02-19 00:00:00,1186.807,-247.2633178710937,0.01833935,0.019798279,24.26834282308758,-247.6773803710937,0.017484859,0.0010409355,14.236570209690578,-249.2789428710937,0.016607478,0.07040405,6.985687533970126,0,0,0
2020-02-19 01:00:00,1148.0116,-247.40192871093745,0.018546024,0.022148132,24.297129143566337,-247.88630371093745,0.017409245,0.0008649826,14.272455948778209,-249.29255371093745,0.016600529,0.065979004,6.753353887842398,0,0,0
2020-02-19 02:00:00,1104.8316,-247.48667602539058,0.018622952,0.02583313,25.19949285814334,-248.04136352539058,0.017310696,0.00079131126,14.249800895504592,-249.35386352539058,0.016517239,0.07046509,6.599490432141577,0,0,0
2020-02-19 03:00:00,1072.1149,-247.52109985351558,0.01857007,0.028266907,26.23781291453398,-248.14609985351558,0.017227296,0.0016207695,14.284219296077664,-249.42734985351558,0.016456727,0.0680542,6.448385835093529,0,0,0
2020-02-19 04:00:00,1074.0594,-247.55830078124995,0.018486498,0.026672363,26.79268584010135,-248.19111328124995,0.0171895,0.0062828064,13.950801801711776,-249.44111328124995,0.01644945,0.06314087,6.287249332231816,0,0,0
2020-02-19 05:00:00,1134.2519,-247.58417968749995,0.018448483,0.025726318,27.03544335023109,-248.23261718749995,0.017159116,0.012016296,13.23360031652938,-249.42792968749995,0.016426694,0.060317993,6.154716590411664,0,0,0
2020-02-19 06:00:00,1141.9718,-247.53266601562495,0.018425506,0.024917603,27.146855866697816,-248.18110351562495,0.017151397,0.021972656,12.629887093879756,-249.44672851562495,0.016418975,0.057022095,6.094301967564685,0,0,0
2020-02-19 07:00:00,1255.1951,-246.8917358398437,0.01838707,0.02798462,29.108043447806228,-246.7354858398437,0.017318955,0.02079773,14.847691859418626,-248.8839233398437,0.016449204,0.053878784,6.215514638620071,0,0,0
2020-02-19 08:00:00,1414.5186,-245.6949584960937,0.01805054,0.026000977,32.0432986295192,-244.5543334960937,0.017279971,0.01828003,17.78797165010122,-247.5543334960937,0.016196597,0.044555664,6.363382736155493,0,0,0
2020-02-19 09:00:00,1516.6011999999998,-244.43766479492183,0.017889652,0.023895264,31.815623868142843,-242.40641479492183,0.01691309,0.008739471,18.805047562895805,-246.04703979492183,0.015883122,0.03263855,6.303390625939242,0,0,0
2020-02-19 10:00:00,1557.7329,-243.36701660156245,0.017858746,0.026405334,30.143519009585628,-240.61701660156245,0.016523601,0.0032377243,18.56296608079638,-244.70295410156245,0.015714886,0.030082703,5.779598218687697,0,0,0
2020-02-19 11:00:00,1609.9567,-242.6362426757812,0.017904196,0.028022766,28.459258631515137,-239.3393676757812,0.016324911,0.0017633438,18.04503019182909,-243.7768676757812,0.015897665,0.03390503,5.089522302391505,0,0,0
2020-02-19 12:00:00,1609.159,-242.1786010742187,0.017903475,0.03277588,27.69746640734026,-238.5536010742187,0.016301302,0.0020637512,17.608676652981003,-243.1942260742187,0.016003756,0.046585083,4.856785359569709,0,0,0
2020-02-19 13:00:00,1645.6833,-241.9698608398437,0.017826444,0.04156494,27.8159049333424,-238.2198608398437,0.016392117,0.0023813248,17.428838495892894,-242.9229858398437,0.016209012,0.05455017,4.80872187948074,0,0,0
2020-02-19 14:00:00,1685.5779,-242.16071777343745,0.017742112,0.033462524,28.363944847456786,-238.44196777343745,0.01652141,0.0030937195,17.49557271704089,-242.95759277343745,0.016284898,0.059143066,4.92644052690238,0,0,0
2020-02-19 15:00:00,1684.9201,-242.7536743164062,0.017642168,0.020401001,29.047578767866188,-239.3630493164062,0.016551165,0.0039863586,17.64245502126181,-243.3630493164062,0.016307024,0.056365967,5.045873423300805,0,0,0
2020-02-19 16:00:00,1586.0824,-243.69755249023433,0.0175194,0.013317108,29.77602463503828,-240.82255249023433,0.016428396,0.0058231354,17.64427358436227,-244.18192749023433,0.016313955,0.055114746,5.304769421311472,0,0,0
2020-02-19 17:00:00,1450.0592,-244.92942504882808,0.017473273,0.015155792,29.442348326857356,-242.66380004882808,0.01636701,0.0079956055,16.842757283188245,-245.44505004882808,0.01637464,0.053619385,5.581134964973828,0,0,0
2020-02-19 18:00:00,1454.1158,-246.0555541992187,0.017572183,0.020080566,27.82332969238043,-244.6493041992187,0.016549844,0.009853363,14.066666716685605,-247.0243041992187,0.016801614,0.06222534,5.333247157036425,0,0,0
2020-02-19 19:00:00,1494.8903,-246.5971801757812,0.017755289,0.019439697,26.34217626249093,-245.7690551757812,0.016923685,0.010112762,13.330650142259833,-248.0190551757812,0.01709916,0.06719971,5.199479231066511,0,0,0
2020-02-19 20:00:00,1466.3152,-246.8436401367187,0.017862538,0.024101257,25.63553830085511,-246.2967651367187,0.017275074,0.008598328,13.154737325588249,-248.4217651367187,0.01695464,0.07321167,5.444638290371186,0,0,0
2020-02-19 21:00:00,1430.2327,-246.97224121093745,0.017846767,0.028762817,26.16466441015992,-246.62067871093745,0.017450038,0.010322571,13.21713093683406,-248.72224121093745,0.016961757,0.07623291,5.542155067127402,0,0,0
2020-02-19 22:00:00,1395.0288999999998,-247.15122680664058,0.01791531,0.029907227,27.121173709013632,-246.91685180664058,0.017495694,0.009346008,13.219718631399058,-248.93247680664058,0.016877713,0.079559326,5.655436575553423,0,0,0
2020-02-19 23:00:00,1349.4845,-247.36835937499995,0.017984668,0.032699585,27.634742000860104,-247.20429687499995,0.017488757,0.01089859,13.123389253142726,-249.18085937499995,0.016710559,0.07998657,5.638245452517735,0,0,0
2020-02-20 00:00:00,1289.6555999999998,-247.56379394531245,0.01806251,0.036010742,27.658314508483617,-247.45441894531245,0.01742164,0.019882202,12.675377148315974,-249.45441894531245,0.016559519,0.077423096,5.529686151328115,0,0,0
2020-02-20 01:00:00,1239.4978,-247.70441894531245,0.0180877,0.036117554,27.57179869453484,-247.66535644531245,0.017286614,0.0236969,12.292854745807164,-249.71223144531245,0.016470268,0.07803345,5.513697435763679,0,0,0
2020-02-20 02:00:00,1196.9598,-247.80479125976558,0.01804268,0.03477478,27.265222921909977,-247.88291625976558,0.017195817,0.018821716,11.789044968457391,-249.91416625976558,0.016371842,0.090789795,5.505287746216371,0,0,0
2020-02-20 03:00:00,1163.2612,-247.89155273437495,0.017934246,0.037734985,27.05760943830081,-248.06342773437495,0.017095013,0.0238266,11.581879076519286,-250.06342773437495,0.016309185,0.084625244,5.498563658688948,0,0,0
2020-02-20 04:00:00,1109.5308,-247.96613769531245,0.017857132,0.043167114,26.064932897069024,-248.20832519531245,0.01701027,0.021392822,11.026430932430769,-250.16145019531245,0.016277848,0.07775879,5.124611954303462,0,0,0
2020-02-20 05:00:00,1113.201,-247.97483520507808,0.017841643,0.037643433,24.73305827739323,-248.34202270507808,0.016918486,0.02495575,10.413506166861184,-250.24046020507808,0.016254729,0.07723999,4.785532427018585,0,0,0
2020-02-20 06:00:00,1117.9668,-247.88447265624995,0.017856965,0.028717041,23.1523763207338,-248.34541015624995,0.016834626,0.026657104,10.02450246741644,-250.28291015624995,0.016186127,0.083618164,4.654684678736635,0,0,0
2020-02-20 07:00:00,1222.8037,-247.0515258789062,0.017811617,0.042892456,25.33928075478706,-246.8093383789062,0.016873201,0.035476685,12.65645849437642,-249.6843383789062,0.016156038,0.09063721,4.78981086397369,0,0,0
2020-02-20 08:00:00,1390.757,-245.72248535156245,0.01721791,0.078948975,30.26087937110388,-244.84748535156245,0.016531264,0.046432495,15.21838656201048,-248.30842285156245,0.015882766,0.09094238,4.720956216387301,0,0,0
2020-02-20 09:00:00,1462.3895,-244.5280883789062,0.016906984,0.07562256,31.23831259963101,-242.9421508789062,0.016060121,0.043823242,15.928852663263878,-246.5671508789062,0.015545137,0.0881958,4.517016205629165,0,0,0
2020-02-20 10:00:00,1574.0158,-243.6554077148437,0.016723556,0.062164307,31.82241215758705,-241.2491577148437,0.015815658,0.03982544,15.919234478051624,-244.9600952148437,0.015331192,0.08114624,3.906607283465299,0,0,0
2020-02-20 11:00:00,1589.317,-242.98179321289058,0.016646583,0.057159424,31.96301382738629,-239.96616821289058,0.015738685,0.034469604,15.404162570140084,-243.84116821289058,0.015746314,0.06375122,2.834114121583055,0,0,0
2020-02-20 12:00:00,1583.6087,-242.64103393554683,0.016645798,0.05128479,31.378224435904595,-239.03165893554683,0.015676865,0.039413452,14.84341090278794,-243.03165893554683,0.015646348,0.068481445,2.091474461431706,0,0,0
2020-02-20 13:00:00,1603.5906,-242.5932739257812,0.016614454,0.050720215,30.44934424084147,-238.5307739257812,0.015557782,0.052505493,14.500700656142206,-242.7495239257812,0.015676038,0.071777344,1.7016147637025385,0,0,0
2020-02-20 14:00:00,1635.6343,-242.80988769531245,0.016522098,0.056274414,29.85196330452598,-238.55988769531245,0.015438724,0.05180359,14.269976874201108,-242.88801269531245,0.015850712,0.07736206,1.5279313719539145,0,0,0
2020-02-20 15:00:00,1555.2413,-243.30463867187495,0.016392017,0.07022095,29.66612281329391,-239.08588867187495,0.015316272,0.045837402,14.048254943211376,-243.42963867187495,0.01609447,0.08175659,1.2353450218298934,0,0,0
2020-02-20 16:00:00,1502.5116,-244.1456420898437,0.016322505,0.06555176,30.07727955386471,-240.2393920898437,0.015239132,0.045928955,14.072006552308135,-244.2706420898437,0.016269099,0.098236084,1.2161410886139656,0,0,0
2020-02-20 17:00:00,1406.7305,-245.2159545898437,0.016397817,0.059143066,29.579075670637454,-242.0753295898437,0.01533733,0.036880493,13.422049427253526,-245.5284545898437,0.016451223,0.09667969,1.5324903727131023,0,0,0
2020-02-20 18:00:00,1366.8386,-246.27998046874995,0.016756268,0.049301147,27.78759785376242,-244.35810546874995,0.015703412,0.02936554,11.236338995681775,-247.20185546874995,0.01699278,0.11645508,1.494662965911744,0,0,0
2020-02-20 19:00:00,1403.3114,-246.84501342773433,0.017237823,0.039520264,26.051733914766984,-245.84501342773433,0.016116302,0.02986908,10.788524061906068,-248.29813842773433,0.0172836,0.14160156,1.620309738112683,0,0,0
2020-02-20 20:00:00,1374.7285000000002,-247.11698608398433,0.01747639,0.04763794,25.24599270587469,-246.71073608398433,0.016545603,0.055404663,10.627542485035768,-248.92948608398433,0.01708729,0.15765381,1.974254205383096,0,0,0
2020-02-20 21:00:00,1347.8767,-247.2584350585937,0.017505012,0.050201416,25.406728907501986,-247.3209350585937,0.01677259,0.07092285,10.523733792286285,-249.4224975585937,0.016963325,0.15179443,2.304523277509461,0,0,0
2020-02-20 22:00:00,1303.7806,-247.40537719726558,0.017572045,0.0382843,25.38226226463864,-247.77256469726558,0.016824365,0.07711792,9.784450503179515,-249.81162719726558,0.016687036,0.13421631,3.212346074019832,0,0,0
2020-02-20 23:00:00,1255.2243,-247.57575683593745,0.017624618,0.037139893,25.33645643692649,-248.15388183593745,0.016793014,0.0743103,8.654706188484065,-250.13044433593745,0.016541244,0.103515625,3.780438871791804,0,0,0
2020-02-21 00:00:00,1192.692,-247.7285278320312,0.017571999,0.04333496,24.326408786105503,-248.5254028320312,0.016694618,0.06954956,7.841761738129562,-250.4160278320312,0.01641996,0.08755493,3.935334116748299,0,0,0
2020-02-21 01:00:00,1151.8518,-247.8617065429687,0.01755146,0.049179077,22.14884263022333,-248.9867065429687,0.016590156,0.060394287,6.874766483849361,-250.6585815429687,0.016262092,0.08230591,3.9930416284880352,0,0,0
2020-02-21 02:00:00,1116.6339,-247.98017578124995,0.017507287,0.04951477,21.68512849797374,-249.36298828124995,0.016545983,0.058929443,6.317042297158872,-250.84736328124995,0.016111108,0.07852173,4.028167241409927,0,0,0
2020-02-21 03:00:00,1093.2381,-248.11759643554683,0.01744836,0.04562378,22.194177101041227,-249.68009643554683,0.016509945,0.05973816,6.106036441937882,-251.05509643554683,0.015914852,0.07803345,4.177687614789155,0,0,0
2020-02-21 04:00:00,1072.7997,-248.1925170898437,0.017312495,0.043563843,22.191917143938635,-249.8956420898437,0.016480891,0.065093994,6.138693758288031,-251.2237670898437,0.015771357,0.079193115,4.341430885858744,0,0,0
2020-02-21 05:00:00,1093.5626,-248.1750610351562,0.017197631,0.044540405,21.78787427570899,-250.0422485351562,0.016472839,0.06463623,6.299006983289105,-251.3469360351562,0.015648864,0.08093262,4.417687778594484,0,0,0
2020-02-21 06:00:00,1124.0454,-248.10593872070308,0.017204452,0.041030884,21.5537954152339,-249.97312622070308,0.016494919,0.06881714,6.720790989508468,-251.40281372070308,0.015575577,0.08514404,4.469157994992356,0,0,0
2020-02-21 07:00:00,1193.436,-247.35212402343745,0.017143948,0.054336548,24.64473586755284,-247.89899902343745,0.016587002,0.07223511,11.015093841083736,-250.82868652343745,0.015747769,0.08456421,4.882272085328657,0,0,0
2020-02-21 08:00:00,1377.4384,-246.15998535156245,0.016686749,0.07720947,28.76086465695059,-245.37092285156245,0.01604588,0.073150635,14.87979715393611,-249.68342285156245,0.015824627,0.0680542,5.148673321846868,0,0,0
2020-02-21 09:00:00,1439.1814,-244.9945190429687,0.016381541,0.08364868,29.48954197571573,-243.2367065429687,0.015282908,0.079193115,15.808520605371925,-247.7992065429687,0.0153324995,0.050338745,5.099823051075666,0,0,0
2020-02-21 10:00:00,1535.0522999999998,-243.98362426757808,0.016152201,0.072265625,29.28199834789445,-241.60862426757808,0.014912425,0.07354736,15.671181479233724,-245.92893676757808,0.014519511,0.052627563,4.983354414488091,0,0,0
2020-02-21 11:00:00,1551.7413,-243.1949584960937,0.01589933,0.06665039,28.89209841513901,-240.3512084960937,0.014903695,0.0622406,15.029897603125884,-244.7418334960937,0.014342935,0.0692749,4.521764156773055,0,0,0
2020-02-21 12:00:00,1561.6915,-242.75083618164058,0.015745644,0.07626343,28.895306627845077,-239.43833618164058,0.014898781,0.055892944,14.475485079054373,-244.11021118164058,0.014902595,0.090789795,3.7284937277341217,0,0,0
2020-02-21 13:00:00,1573.9029,-242.6233032226562,0.01565327,0.072906494,29.372895183068813,-238.9358032226562,0.014699594,0.05706787,14.377773727175342,-243.7795532226562,0.015149728,0.092803955,3.320962472284929,0,0,0
2020-02-21 14:00:00,1581.7206,-242.7697875976562,0.015594924,0.060821533,29.892972169997584,-238.9885375976562,0.014488662,0.04296875,14.394197105390695,-243.7385375976562,0.015118087,0.08581543,3.20594027177665,0,0,0
2020-02-21 15:00:00,1549.7927,-243.1948364257812,0.015490786,0.056884766,29.986661463434977,-239.4760864257812,0.014277712,0.032852173,14.398702181506454,-244.0854614257812,0.015055911,0.08441162,3.2815415825035017,0,0,0
2020-02-21 16:00:00,1474.1693,-244.0683715820312,0.015531745,0.06997681,29.91618981564894,-240.5527465820312,0.014173713,0.04685974,14.315454484265054,-244.9277465820312,0.015112128,0.081970215,3.499184520270405,0,0,0
2020-02-21 17:00:00,1353.6326,-245.2334106445312,0.015825389,0.06561279,29.014703388029183,-242.4521606445312,0.014284251,0.023727417,13.314220512857306,-246.3427856445312,0.015504954,0.078948975,4.04077968080072,0,0,0
2020-02-21 18:00:00,1336.7688,-246.3292358398437,0.016329238,0.05480957,26.58748997955779,-244.6886108398437,0.014742323,0.014213562,11.036373391117838,-248.1104858398437,0.016260574,0.10449219,4.781607850090758,0,0,0
2020-02-21 19:00:00,1371.2031,-246.91328124999995,0.016826214,0.0637207,24.012478483588584,-246.11640624999995,0.015277447,0.02155304,11.346578248602537,-249.13203124999995,0.016269268,0.12036133,5.858006090092643,0,0,0
2020-02-21 20:00:00,1358.7625,-247.19517211914058,0.01711001,0.07009888,22.230862254358595,-246.96860961914058,0.015942713,0.02998352,11.614151195658057,-249.65610961914058,0.01610293,0.110321045,6.327170338146037,0,0,0
2020-02-21 21:00:00,1318.927,-247.33649902343745,0.017247396,0.07003784,21.16365370244725,-247.53181152343745,0.01643105,0.03277588,10.733462216411024,-250.01618652343745,0.01604958,0.102630615,6.0476554899186885,0,0,0
2020-02-21 22:00:00,1267.1731,-247.43919067382808,0.017331328,0.06826782,20.789738133750557,-247.84544067382808,0.016652312,0.035110474,10.16091530469089,-250.25169067382808,0.01592752,0.10147095,5.886712243899855,0,0,0
2020-02-21 23:00:00,1196.7891,-247.52775268554683,0.017353868,0.06921387,21.34295835487411,-248.05119018554683,0.016735887,0.041107178,9.865669373638132,-250.45744018554683,0.015782213,0.108184814,5.93520698681338,0,0,0
2020-02-22 00:00:00,1162.9965,-247.65934448242183,0.017330375,0.080718994,22.40323087007695,-248.22965698242183,0.01675054,0.042770386,9.804241726046635,-250.64371948242183,0.015651908,0.112854004,5.824266821434539,3,1,0
2020-02-22 01:00:00,1117.9296,-247.8369262695312,0.017223006,0.08190918,23.15271050093356,-248.4306762695312,0.016727095,0.04081726,9.949953525760556,-250.8369262695312,0.01552165,0.11248779,5.793423067516596,3,1,0
2020-02-22 02:00:00,1083.2062,-247.98099975585933,0.01702416,0.06713867,23.76092212621568,-248.68412475585933,0.016665578,0.03982544,9.90935175233422,-251.04349975585933,0.015395284,0.10638428,5.679388001742866,3,1,0
2020-02-22 03:00:00,1056.1933,-248.06965332031245,0.01673372,0.051345825,23.839396872859822,-248.84309082031245,0.016550615,0.056518555,10.120016168423128,-251.24152832031245,0.015261248,0.099243164,5.65954507691211,3,1,0
2020-02-22 04:00:00,1051.2562,-248.14695434570308,0.016511805,0.048217773,22.803893911230347,-248.77195434570308,0.016305812,0.10220337,10.725356025388525,-251.38914184570308,0.0151614025,0.0881958,5.658592836537143,3,1,0
2020-02-22 05:00:00,1046.2197,-248.1518676757812,0.016328106,0.050247192,22.003536051164204,-248.8159301757812,0.016045818,0.095947266,10.863515053612636,-251.4331176757812,0.0150959585,0.07937622,5.625308707349181,3,1,0
2020-02-22 06:00:00,1025.9436999999998,-248.1475952148437,0.016251415,0.042938232,20.52958482652326,-248.9054077148437,0.015877575,0.0826416,10.842548860101642,-251.4054077148437,0.015068859,0.071502686,5.495494005873477,3,1,0
2020-02-22 07:00:00,1066.3884,-247.32246093749995,0.016037814,0.040893555,23.587071954333503,-247.74433593749995,0.015770786,0.064697266,13.468778747386304,-250.75996093749995,0.015076511,0.06567383,5.740272300986909,3,1,0
2020-02-22 08:00:00,1158.2919,-246.2141235351562,0.01558817,0.04827881,27.065743628236305,-245.6594360351562,0.015279179,0.05479431,16.17478430013092,-249.2453735351562,0.0148748215,0.052520752,6.0653309486961975,3,1,0
2020-02-22 09:00:00,1226.1651000000002,-245.25443725585933,0.015337098,0.04484558,27.007019351240544,-243.55131225585933,0.0146046765,0.04714966,16.60869882465057,-247.34818725585933,0.0144787915,0.039855957,6.085196521002321,3,1,0
2020-02-22 10:00:00,1279.4376,-244.39558105468745,0.015101168,0.040390015,26.2025019492116,-241.81745605468745,0.014109347,0.039245605,16.195280532032488,-245.68464355468745,0.013987277,0.03416443,5.717519639035261,3,1,0
2020-02-22 11:00:00,1304.2065,-243.64890747070308,0.014853284,0.034194946,25.4763107666381,-240.46140747070308,0.013888165,0.029182434,15.504920247453155,-244.44578247070308,0.013911054,0.0335083,5.038362562671254,3,1,0
2020-02-22 12:00:00,1293.4942,-243.1600463867187,0.014708346,0.03744507,25.138769037887165,-239.5350463867187,0.013727969,0.020606995,15.031191903555216,-243.7225463867187,0.01421625,0.036727905,4.294197785461972,3,1,0
2020-02-22 13:00:00,1301.4580999999998,-242.93293457031245,0.0145977205,0.048690796,25.19474661428465,-239.13605957031245,0.013644046,0.012081146,14.923017728659405,-243.33918457031245,0.014044589,0.051940918,3.8967079500002586,3,1,0
2020-02-22 14:00:00,1286.5911999999998,-243.00053100585933,0.014535718,0.046142578,25.46861234625377,-239.31303100585933,0.013624005,0.0064315796,14.920363030810996,-243.37553100585933,0.013952069,0.0697937,3.711578948467949,3,1,0
2020-02-22 15:00:00,1271.7583,-243.30881958007808,0.014530558,0.03161621,25.785315553022524,-240.13694458007808,0.013607401,0.0032567978,15.059769682927826,-243.84006958007808,0.0139965005,0.07119751,4.185891015968369,3,1,0
2020-02-22 16:00:00,1251.7058,-243.99665527343745,0.014628785,0.020011902,25.88013822539265,-241.54353027343745,0.013579743,0.0016064644,15.698013218829786,-244.80915527343745,0.014163392,0.062561035,5.056326497068648,3,1,0
2020-02-22 17:00:00,1216.4239,-245.1286743164062,0.0148801375,0.017692566,25.668790339346955,-243.4724243164062,0.013606029,0.0025501251,15.837930814668765,-246.1286743164062,0.0144033,0.04978943,5.857215891259787,3,1,0
2020-02-22 18:00:00,1234.9542,-246.30888061523433,0.015315005,0.013591766,24.043875224077663,-245.65263061523433,0.013899752,0.014350891,13.063210056116178,-247.69950561523433,0.014639803,0.04399109,6.544736780129449,3,1,0
2020-02-22 19:00:00,1290.0327,-246.9810913085937,0.015822878,0.009021759,22.4116778451103,-246.9654663085937,0.0143809235,0.023986816,12.070640279226629,-248.8170288085937,0.014819614,0.06071472,6.6510547403811,3,1,0
2020-02-22 20:00:00,1259.8657,-247.31791381835933,0.016129209,0.0068950653,20.81844483297616,-247.73978881835933,0.014839841,0.020843506,11.415535911381602,-249.47416381835933,0.0150610935,0.07525635,6.43112465427686,3,1,0
2020-02-22 21:00:00,1231.9858,-247.54996948242183,0.016230175,0.004852295,20.19048015505331,-248.18278198242183,0.015093396,0.025520325,10.979095932058868,-249.88590698242183,0.015215467,0.08312988,6.317930753670755,3,1,0
2020-02-22 22:00:00,1163.2356,-247.76508789062495,0.016186677,0.0026359558,19.666740589757232,-248.62446289062495,0.015217744,0.031417847,10.496066092201652,-250.14790039062495,0.015305482,0.08074951,6.335060896245834,3,1,0
2020-02-22 23:00:00,1145.518,-247.99741821289058,0.016134685,0.0012192726,19.2290714471787,-249.02085571289058,0.015249676,0.03503418,10.66031705774873,-250.36460571289058,0.015310711,0.07305908,6.498639469076251,3,1,0
2020-02-23 00:00:00,1096.1568,-248.22953491210933,0.01607338,0.00044596195,19.402686918144987,-249.34672241210933,0.015222702,0.034820557,11.06631972753416,-250.59672241210933,0.015241776,0.061553955,6.702774401479139,4,1,0
2020-02-23 01:00:00,1050.9528,-248.46781616210933,0.016019652,0.00014030933,19.303499424375246,-249.67094116210933,0.015153714,0.032333374,11.253934614681366,-250.80375366210933,0.0151499,0.057922363,6.788424265616415,4,1,0
2020-02-23 02:00:00,1014.6855,-248.68073730468745,0.015973601,9.563565e-05,19.32168821552731,-249.99323730468745,0.015050445,0.029418945,11.17008063059284,-250.95417480468745,0.0149779655,0.04838562,6.747602723715279,4,1,0
2020-02-23 03:00:00,987.9417,-248.84830932617183,0.015919961,0.0001834631,19.542378782570083,-250.33268432617183,0.014947213,0.02733612,10.590467722994903,-251.14518432617183,0.014752664,0.045410156,6.683995526899556,4,1,0
2020-02-23 04:00:00,969.6099,-248.96796874999995,0.01585102,0.0006682873,18.9458463197989,-250.67890624999995,0.014870644,0.025901794,9.388892063187985,-251.32734374999995,0.014531136,0.0415802,6.548620943682577,4,1,0
2020-02-23 05:00:00,965.6636,-249.05878906249995,0.015751256,0.0032682419,17.968350088960133,-250.97285156249995,0.014812839,0.023414612,8.463477466202818,-251.51191406249995,0.014339817,0.03303528,6.370780068726438,4,1,0
2020-02-23 06:00:00,932.3127,-248.92356567382808,0.015609653,0.008777618,18.045521281411386,-250.99387817382808,0.014781863,0.020744324,8.315161794257095,-251.67356567382808,0.014255435,0.027015686,6.178020026048858,4,1,0
2020-02-23 07:00:00,929.5131,-247.78071289062495,0.01534632,0.014621735,21.507455939993047,-248.82758789062495,0.014804633,0.017662048,12.325712060380534,-250.99165039062495,0.01415232,0.020355225,6.630063769694072,4,1,0
2020-02-23 08:00:00,983.5483,-246.6828735351562,0.015014576,0.014373779,22.835986759055665,-246.1125610351562,0.014251636,0.013027191,15.8279301972372,-249.4172485351562,0.013778614,0.0073394775,6.851168873875063,4,1,0
2020-02-23 09:00:00,1001.5092,-245.62482910156245,0.014820234,0.012702942,21.564839164900068,-243.86701660156245,0.013324873,0.007858276,16.50496565571667,-247.52326660156245,0.013099805,0.0020942688,6.356720547433564,4,1,0
2020-02-23 10:00:00,1044.1741,-244.64609985351558,0.014419802,0.010093689,21.812142208629854,-241.92734985351558,0.012668856,0.004026413,16.134400875197148,-245.73203735351558,0.01231409,0.00083994865,5.526291609087367,4,1,0
2020-02-23 11:00:00,1074.4196,-243.8841674804687,0.014087831,0.008491516,22.76229354538529,-240.3997924804687,0.012458955,0.0016264915,15.32254413884061,-244.2904174804687,0.011802827,0.0003399849,4.542713656819995,4,1,0
2020-02-23 12:00:00,1105.6815,-243.35688476562495,0.013885293,0.008049011,23.32431172523757,-239.35688476562495,0.012466226,0.0008018017,14.457060486156603,-243.43500976562495,0.012111459,0.00014150143,3.41446368132154,4,1,0
2020-02-23 13:00:00,1106.3071,-243.10468749999995,0.013705738,0.007730484,23.7332258814976,-238.87031249999995,0.012523182,0.0006747246,13.93045944496808,-242.91718749999995,0.011992939,5.8099627e-05,2.6734801119023093,4,1,0
2020-02-23 14:00:00,1109.502,-243.1693237304687,0.013599013,0.0075855255,24.125763895066783,-238.9661987304687,0.012664412,0.00064873695,13.857086907949409,-242.8880737304687,0.012099837,3.2305717e-05,2.449605930516348,4,1,0
2020-02-23 15:00:00,1083.7053,-243.57685546874995,0.013572006,0.007789612,24.651244627692453,-239.73310546874995,0.012919692,0.00065612793,14.203496572336372,-243.35810546874995,0.012267379,0.00019484758,2.7752633562645466,4,1,0
2020-02-23 16:00:00,1073.1319,-244.3753784179687,0.013640603,0.008655548,25.737859651369494,-241.2503784179687,0.013148507,0.00066661835,15.195343840343645,-244.2816284179687,0.0123626795,0.0025091171,3.753654149191255,4,1,0
2020-02-23 17:00:00,1057.9506,-245.55808715820308,0.013804951,0.008426666,26.46256966705594,-243.41746215820308,0.013328114,0.0008172989,16.227253686530915,-245.82371215820308,0.012832203,0.004878998,5.0538053999323855,4,1,0
2020-02-23 18:00:00,1091.4312,-246.79569702148433,0.014110542,0.0072841644,25.70865485964567,-245.84257202148433,0.013610817,0.0030002594,14.96736128001604,-247.85819702148433,0.013671852,0.0050468445,6.0505103818134325,4,1,0
2020-02-23 19:00:00,1156.1417,-247.49009399414058,0.014521949,0.0055007935,24.654093299212,-247.28696899414058,0.014018409,0.011928558,14.034070285707552,-249.19321899414058,0.013701789,0.0022039413,6.844794348893903,4,1,0
2020-02-23 20:00:00,1164.5873,-247.84299926757808,0.01483058,0.003329277,23.524198317777817,-248.06956176757808,0.014418593,0.012958527,13.27795806514084,-249.96018676757808,0.014056196,0.0037612915,6.641298972002575,4,1,0
2020-02-23 21:00:00,1124.563,-248.0791137695312,0.015013885,0.001613617,22.38458153185905,-248.5088012695312,0.014666747,0.012634277,12.324900306778204,-250.4931762695312,0.014250945,0.0077610016,6.410503839696204,4,1,0
2020-02-23 22:00:00,1096.2682,-248.2843139648437,0.015086521,0.0005891323,21.888058769548724,-248.8624389648437,0.01479279,0.014533997,11.937811364711848,-250.8546264648437,0.014369358,0.016601562,6.374193153933089,4,1,0
2020-02-23 23:00:00,1062.9421,-248.48859863281245,0.015093942,0.00024276972,21.654247827495865,-249.16047363281245,0.014826913,0.01612091,11.979480709481845,-251.14484863281245,0.014449258,0.025466919,6.3363506110025005,4,1,0
2020-02-24 00:00:00,1002.4498,-248.70185546874995,0.015090504,0.0002374053,21.609006911181734,-249.42841796874995,0.014766254,0.017967224,12.059821081400042,-251.35810546874995,0.014495411,0.028244019,6.336682933978465,5,1,0
2020-02-24 01:00:00,972.9388,-248.8971069335937,0.0151058,0.0003631115,21.43695751693808,-249.7096069335937,0.014644221,0.018287659,11.862163665151805,-251.5299194335937,0.014560298,0.032989502,6.255762782070199,5,1,0
2020-02-24 02:00:00,953.6988,-249.04365234374995,0.015094456,0.002653122,21.245809343794168,-249.98896484374995,0.014533696,0.01990509,11.476007035889834,-251.69208984374995,0.014594731,0.042388916,6.230774134120479,5,1,0
2020-02-24 03:00:00,931.2794,-249.13273315429683,0.015079664,0.0052433014,21.072813437852183,-250.23429565429683,0.014446424,0.021209717,11.109009524743852,-251.80460815429683,0.0146333445,0.055023193,6.25030915373087,5,1,0
2020-02-24 04:00:00,923.8571,-249.24921874999995,0.015095178,0.00412941,19.792782664533775,-250.46796874999995,0.014358941,0.022613525,10.491710616896617,-251.86640624999995,0.014656488,0.058761597,6.008448432035079,5,1,0
2020-02-24 05:00:00,925.5955,-249.37034301757808,0.015102777,0.0028953552,17.980076941133543,-250.89378051757808,0.014274987,0.024307251,9.105885796735455,-251.93284301757808,0.014675531,0.059753418,5.631089446798828,5,1,0
2020-02-24 06:00:00,920.364,-249.33942871093745,0.0151176825,0.0029916763,17.117847805754568,-251.05036621093745,0.014221229,0.022163391,8.782107951651637,-251.90974121093745,0.014667548,0.06387329,5.394910416588504,5,1,0
2020-02-24 07:00:00,942.5303,-248.18644409179683,0.014972748,0.005306244,20.47175213551705,-248.93644409179683,0.014286103,0.017486572,12.818406990331342,-251.05363159179683,0.01464087,0.06500244,5.821803349593063,5,1,0
2020-02-24 08:00:00,1022.3523,-246.94187622070308,0.014599362,0.0029354095,23.695688053403696,-246.27000122070308,0.014053861,0.011981964,15.689506104611471,-249.19968872070308,0.014458219,0.042007446,5.86048624228158,5,1,0
2020-02-24 09:00:00,1058.4544,-245.8580444335937,0.014523811,0.0031223297,22.97442512000521,-243.9596069335937,0.013360328,0.00623703,15.399164687452664,-247.0611694335937,0.014050788,0.026817322,5.236794566715824,5,1,0
2020-02-24 10:00:00,1108.5793,-244.88511352539058,0.014593253,0.0008609295,21.80472477099556,-241.93198852539058,0.012746939,0.0029649734,14.134598621975288,-245.18980102539058,0.013433585,0.02279663,4.023749921501849,5,1,0
2020-02-24 11:00:00,1147.9815,-244.0937622070312,0.01466601,0.0010070801,21.16758951092743,-240.2890747070312,0.012422968,0.0014824867,12.498058247621408,-243.6953247070312,0.013101984,0.02155304,2.602533124333634,5,1,0
2020-02-24 12:00:00,1150.1675,-243.53709106445308,0.014742077,0.0043315887,20.867178096333525,-239.16209106445308,0.012422741,0.0007920265,10.79715977515407,-242.78709106445308,0.013815106,0.025802612,1.1121036637926325,5,1,0
2020-02-24 13:00:00,1161.4992,-243.24979858398433,0.014799085,0.015544891,20.38635973709083,-238.53104858398433,0.0122852,0.00054597855,9.6757715671631,-242.21854858398433,0.013811079,0.029556274,0.7545346170375173,5,1,0
2020-02-24 14:00:00,1180.5105,-243.30387573242183,0.014821881,0.027915955,19.87435704756758,-238.38200073242183,0.012014264,0.00038409233,9.134261870230151,-242.00700073242183,0.013452405,0.040252686,1.7680227638047843,5,1,0
2020-02-24 15:00:00,1181.748,-243.6086547851562,0.014786996,0.024398804,19.568138656399444,-238.7492797851562,0.0119068995,0.00030124187,9.02379103406461,-242.4836547851562,0.013703622,0.055541992,2.8296704414481204,5,1,0
2020-02-24 16:00:00,1141.7735,-244.24021606445308,0.014732622,0.0332489,19.307219725286902,-239.75584106445308,0.012058519,0.00048661232,9.012367600990908,-243.77146606445308,0.014332078,0.067871094,3.3297929049867494,5,1,0
2020-02-24 17:00:00,1127.7016,-245.24628906249995,0.014781277,0.02419281,18.849285640385208,-241.60566406249995,0.012580196,0.0006787777,8.542481178216068,-245.23066406249995,0.014785091,0.079711914,3.3965112275547744,5,1,0
2020-02-24 18:00:00,1153.0531,-246.3875854492187,0.014963557,0.009815216,17.578039921669113,-244.6375854492187,0.013777186,0.0012135506,6.040368359556263,-246.7000854492187,0.014913966,0.093048096,3.3681012026041137,5,1,0
2020-02-24 19:00:00,1216.7332,-247.16190795898433,0.01524899,0.004644394,16.650691085082318,-246.30253295898433,0.014058804,0.0018162727,7.186726709314371,-247.69315795898433,0.015329098,0.08526611,2.9632382547410803,5,1,0
2020-02-24 20:00:00,1198.9097,-247.6825073242187,0.015519341,0.0035114288,15.20453878198066,-247.4481323242187,0.01414605,0.0020284653,8.209237691822242,-248.2996948242187,0.01577874,0.07446289,2.5918647275435496,5,1,0
2020-02-24 21:00:00,1187.0736000000002,-248.0659301757812,0.015762549,0.0026226044,12.990613524152227,-248.3003051757812,0.01443122,0.0016646385,7.991577053528935,-248.9018676757812,0.015346747,0.062408447,2.457340772870387,5,1,0
2020-02-24 22:00:00,1134.5014,-248.40729980468745,0.015952742,0.0018224716,10.784057485172536,-248.93854980468745,0.014751112,0.0010194778,7.277157351553057,-249.27448730468745,0.015384352,0.042495728,2.3012170070042286,5,1,0
2020-02-24 23:00:00,1067.8735,-248.72663574218745,0.016051611,0.0012216568,9.240614167646678,-249.44538574218745,0.014952979,0.0006301403,6.818311335564618,-249.67194824218745,0.015364966,0.026176453,2.31386680728603,5,1,0
2020-02-25 00:00:00,1034.5607,-249.0210083007812,0.016028954,0.0008261204,8.4384575872624,-249.8725708007812,0.015082908,0.00044333935,6.425075206984372,-250.0913208007812,0.015307975,0.020080566,2.475603628242079,6,1,0
2020-02-25 01:00:00,996.5772,-249.2684448242187,0.015953131,0.00057578087,8.245893004055182,-250.2450073242187,0.015155859,0.0003349781,6.105225457379687,-250.5028198242187,0.015216894,0.018043518,2.7707399299959703,6,1,0
2020-02-25 02:00:00,960.6581,-249.4660766601562,0.01583132,0.00040447712,8.772612965971566,-250.5520141601562,0.015175192,0.00024205446,6.169795922191964,-250.8723266601562,0.015060751,0.019752502,3.013930108706039,6,1,0
2020-02-25 03:00:00,934.2205,-249.6088989257812,0.015686607,0.0003310442,9.875429110317944,-250.8198364257812,0.015190696,0.00016826391,6.309420354490242,-251.1323364257812,0.014881706,0.021202087,3.106991399634631,6,1,0
2020-02-25 04:00:00,916.6259,-249.73173217773433,0.015552915,0.00023752451,10.44110203155303,-251.11454467773433,0.015205777,0.000116199255,5.951820223339014,-251.27860717773433,0.014717496,0.021896362,3.052884623221958,6,1,0
2020-02-25 05:00:00,916.1541,-249.85212402343745,0.015441897,0.00017607212,10.226468491439087,-251.39118652343745,0.015209201,9.953976e-05,5.444586078894851,-251.40681152343745,0.014568332,0.023590088,2.9618804187165644,6,1,0
2020-02-25 06:00:00,898.0303,-249.7869995117187,0.015414902,9.8615885e-05,9.87548887177455,-251.3729370117187,0.015189835,9.715557e-05,5.609585385428333,-251.5213745117187,0.014468857,0.022033691,2.945674718950774,6,1,0
2020-02-25 07:00:00,894.5818,-248.53751831054683,0.01536901,4.900992e-05,13.150444731063503,-249.30314331054683,0.0150371315,6.687641e-05,8.72236835829765,-250.77189331054683,0.014586997,0.016807556,2.859604653063089,6,1,0
2020-02-25 08:00:00,967.1454,-247.33433227539058,0.015143954,0.0001026392,13.81694565979481,-246.57651977539058,0.014159762,4.4047832e-05,8.768955085297442,-248.78745727539058,0.014358127,0.010585785,2.340346885425489,6,1,0
2020-02-25 09:00:00,967.3002,-246.20136718749995,0.015052404,0.0007276535,12.243733287758982,-243.87324218749995,0.013110723,2.8923154e-05,7.392703196184397,-246.76386718749995,0.014224615,0.0055999756,1.687599789529965,6,1,0
2020-02-25 10:00:00,1021.2279,-245.08894042968745,0.014800497,0.0017166138,11.30428103482727,-241.33894042968745,0.012862631,1.9617379e-05,5.976825649078074,-245.02644042968745,0.014003226,0.0086250305,1.1272920481668782,6,1,0
2020-02-25 11:00:00,1088.4434,-243.9726684570312,0.01466661,0.0078315735,10.643480223340882,-239.5507934570312,0.013175064,2.8781593e-05,4.5306497868236,-243.7070434570312,0.013938003,0.016784668,1.919022511567372,6,1,0
2020-02-25 12:00:00,1100.0225,-243.18339233398433,0.01468889,0.035110474,10.393927327086798,-238.40214233398433,0.013369005,0.00042927265,2.907719566668079,-242.82401733398433,0.014181536,0.03251648,3.174029346085222,6,1,0
2020-02-25 13:00:00,1110.4411,-242.81135253906245,0.014741617,0.03868103,11.19160111086902,-237.65510253906245,0.013433176,0.0017061234,2.3801376808637675,-242.42072753906245,0.014497477,0.070739746,4.260116890928868,6,1,0
2020-02-25 14:00:00,1106.1222,-242.5302856445312,0.0147639625,0.04560852,12.200814860912516,-237.4209106445312,0.013302933,0.015777588,3.345730356616684,-242.7334106445312,0.014756333,0.10998535,5.302713462493294,6,1,0
2020-02-25 15:00:00,1103.1548,-242.71479492187495,0.0147406235,0.055786133,12.812878954237696,-238.33979492187495,0.013134636,0.058898926,5.011260776065726,-243.52729492187495,0.015186943,0.1473999,5.919771248547687,6,1,0
2020-02-25 16:00:00,1094.6717999999998,-243.23038940429683,0.01482779,0.051071167,14.020748420144566,-239.24601440429683,0.01331717,0.09109497,6.927262294054196,-244.79288940429683,0.015728058,0.16796875,5.922454576942097,6,1,0
2020-02-25 17:00:00,1071.0669,-244.2214477539062,0.015037446,0.03135681,15.394339405443173,-241.1276977539062,0.01435843,0.099853516,7.081356110413301,-246.0183227539062,0.016155154,0.18933105,5.455496761594813,6,1,0
2020-02-25 18:00:00,1120.6096,-245.4697387695312,0.015373494,0.008956909,16.269719208473102,-243.6416137695312,0.016598012,0.096954346,5.907880982953214,-247.1572387695312,0.0164912,0.20965576,4.50987617102764,6,1,0
2020-02-25 19:00:00,1210.9854,-246.4886596679687,0.015804943,0.006910324,17.228633006947646,-244.6292846679687,0.017048534,0.08703613,5.053345299272957,-247.9574096679687,0.016812023,0.22131348,3.550910799288169,6,1,0
2020-02-25 20:00:00,1208.1143,-247.20686035156245,0.016125428,0.0071697235,17.38179895219287,-245.37873535156245,0.017292725,0.08502197,3.908266923146347,-248.59748535156245,0.017208802,0.21582031,2.7472881592295955,6,1,0
2020-02-25 21:00:00,1188.6198,-247.60612182617183,0.016384086,0.0067043304,16.476898389623948,-245.99674682617183,0.01733013,0.07757568,3.052088608634131,-249.04362182617183,0.017391166,0.19671631,2.2657776963966536,6,1,0
2020-02-25 22:00:00,1144.7781,-247.8819702148437,0.016582064,0.005947113,15.365444373604683,-246.5225952148437,0.017245822,0.07211304,2.8931794232276355,-249.3663452148437,0.017421298,0.1618042,1.971142976670061,6,1,0
2020-02-25 23:00:00,1097.7185,-248.11384277343745,0.016734838,0.0056648254,14.12261700809119,-247.02009277343745,0.017032385,0.065216064,3.606507594595734,-249.62165527343745,0.017322302,0.13269043,1.961893775269208,6,1,0
2020-02-26 00:00:00,1056.0467,-248.3125122070312,0.016819494,0.0059776306,13.191234036113066,-247.5000122070312,0.016788976,0.06793213,4.638204047132565,-249.8750122070312,0.017162817,0.11807251,2.176339059548838,7,1,0
2020-02-26 01:00:00,1026.6563,-248.48942260742183,0.016858604,0.00614357,12.158952085365293,-248.00504760742183,0.016553428,0.07357788,5.464585031598092,-250.09879760742183,0.016980674,0.10473633,2.403692742437941,7,1,0
2020-02-26 02:00:00,1006.0293,-248.66380004882808,0.016866079,0.0056419373,10.907688739830244,-248.55442504882808,0.016370168,0.08148193,5.985929212213453,-250.26536254882808,0.016766896,0.104644775,2.5067188223991157,7,1,0
2020-02-26 03:00:00,975.7818,-248.81473999023433,0.01685833,0.0044288635,9.50142551769397,-249.07255249023433,0.016263237,0.09225464,6.295960248286043,-250.39286499023433,0.016545525,0.10070801,2.483233619347882,7,1,0
2020-02-26 04:00:00,958.02,-248.93937377929683,0.016843177,0.0031642914,8.396876203893953,-249.44718627929683,0.016156532,0.09274292,6.343172051923064,-250.49406127929683,0.016324379,0.09396362,2.260789313004377,7,1,0
2020-02-26 05:00:00,968.0784,-249.0531127929687,0.016866324,0.0022802353,7.369147929155869,-249.7171752929687,0.01604998,0.08251953,6.1102376671251415,-250.6234252929687,0.016133903,0.091552734,2.135982968921485,7,1,0
2020-02-26 06:00:00,974.3331,-248.95713500976558,0.01692773,0.0020933151,7.025790971638755,-249.83213500976558,0.015943538,0.0640564,5.784356808131467,-250.77744750976558,0.015989315,0.09347534,2.220253751274164,7,1,0
2020-02-26 07:00:00,1030.0182,-247.72248535156245,0.016950717,0.0030260086,10.785019594050024,-248.86311035156245,0.015867343,0.04748535,7.170971910052753,-250.24592285156245,0.016088596,0.09701538,1.9819789027006387,7,1,0
2020-02-26 08:00:00,1143.749,-246.48753051757808,0.016782913,0.0044021606,12.093732115266572,-246.55003051757808,0.015089189,0.0413208,6.688750738672491,-248.89378051757808,0.015852127,0.10394287,1.5140114294361475,7,1,0
2020-02-26 09:00:00,1237.6256,-245.2855346679687,0.016653392,0.0062885284,10.952251338752552,-243.8636596679687,0.013651226,0.045944214,5.145470599570076,-246.8636596679687,0.015222881,0.10714722,1.310259910126773,7,1,0
2020-02-26 10:00:00,1329.3394999999998,-244.11652832031245,0.016470382,0.0069942474,9.232120612845774,-241.86652832031245,0.01340718,0.059799194,2.807046180046248,-245.00715332031245,0.014742324,0.12554932,1.7645152238344195,7,1,0
2020-02-26 11:00:00,1385.2889,-242.9951293945312,0.016148904,0.008060455,7.86393409349798,-240.2920043945312,0.013577797,0.08721924,0.3881526787881281,-243.8701293945312,0.01461921,0.14440918,2.882370333372951,7,1,0
2020-02-26 12:00:00,1421.0137,-242.1386840820312,0.015858114,0.018745422,7.249686319865859,-239.3261840820312,0.013801993,0.12225342,2.3317676000265224,-243.3261840820312,0.0147518525,0.15411377,4.01367221715327,7,1,0
2020-02-26 13:00:00,1454.4199,-241.6157348632812,0.01564409,0.052108765,7.318264704902087,-239.3188598632812,0.01402666,0.11279297,4.479702299989722,-243.2251098632812,0.0149345575,0.17028809,4.992190285265508,7,1,0
2020-02-26 14:00:00,1473.9188,-241.4608276367187,0.015514369,0.07559204,7.704620322663944,-239.4452026367187,0.014278407,0.122558594,6.149228117350094,-243.2889526367187,0.015193935,0.18487549,5.707735474550001,7,1,0
2020-02-26 15:00:00,1435.8171,-241.55988769531245,0.0153924655,0.092315674,8.193563247053854,-240.12238769531245,0.014545603,0.14593506,7.033084038147596,-243.79426269531245,0.015300913,0.20812988,6.047867775970315,7,1,0
2020-02-26 16:00:00,1367.244,-241.9163940429687,0.015319981,0.09487915,9.28781683523859,-241.1351440429687,0.014862217,0.1708374,7.067297124929628,-244.6195190429687,0.015503086,0.222229,5.862402987134997,7,1,0
2020-02-26 17:00:00,1286.5524,-242.7349975585937,0.015449505,0.06350708,10.65487922331491,-242.6099975585937,0.015537243,0.17364502,6.18970735884261,-245.8287475585937,0.015941601,0.23675537,5.330096790229319,7,1,0
2020-02-26 18:00:00,1305.9084,-243.84672241210933,0.015804034,0.037994385,11.804731681130097,-244.33109741210933,0.017146807,0.16296387,4.864336952434155,-247.14359741210933,0.016399126,0.23504639,4.486769835167832,7,1,0
2020-02-26 19:00:00,1353.2472,-244.86881713867183,0.016307212,0.023200989,13.457376254195044,-245.21256713867183,0.017627098,0.14770508,4.187394585492489,-248.04069213867183,0.017070152,0.21380615,3.789356977522781,7,1,0
2020-02-26 20:00:00,1343.0515,-245.7494018554687,0.016818028,0.014263153,14.779281073443713,-245.8119018554687,0.017695408,0.13366699,3.664146347550588,-248.5150268554687,0.01691721,0.17352295,3.245590270069818,7,1,0
2020-02-26 21:00:00,1303.7397,-246.41767578124995,0.017184163,0.0107421875,15.728640650696745,-246.37080078124995,0.017878437,0.113098145,3.287307005464359,-248.98017578124995,0.01695528,0.12472534,2.876365158381847,7,1,0
2020-02-26 22:00:00,1244.1981999999998,-246.93183593749995,0.017306337,0.008609772,15.805278794395075,-246.79121093749995,0.017916689,0.09121704,2.994236626625693,-249.41621093749995,0.016985903,0.08786011,2.439928599704359,7,1,0
2020-02-26 23:00:00,1190.7654,-247.32270507812495,0.017253406,0.011993408,14.996663172553925,-247.13520507812495,0.017924793,0.062179565,2.7400612437232583,-249.81489257812495,0.016887195,0.06793213,1.9447869825042832,7,1,0
2020-02-27 00:00:00,1120.4746,-247.57621459960933,0.017147478,0.01530838,13.880076635407498,-247.49808959960933,0.017826494,0.0395813,2.744919762611255,-250.08402709960933,0.01675075,0.05316162,1.5069373734870335,0,0,0
2020-02-27 01:00:00,1085.2949,-247.77000122070308,0.01706401,0.018585205,12.884200618580648,-247.91843872070308,0.017666733,0.024597168,2.8405360746156045,-250.13718872070308,0.016606247,0.046417236,1.416928473104244,0,0,0
2020-02-27 02:00:00,1049.3052,-247.94334106445308,0.016994659,0.018997192,11.731130706066754,-248.38084106445308,0.017528716,0.019081116,3.07608812665016,-250.20115356445308,0.01646823,0.03567505,1.6977419372084028,0,0,0
2020-02-27 03:00:00,1051.5791,-248.1298950195312,0.016933214,0.015815735,10.554429130639026,-248.7783325195312,0.017383348,0.017700195,3.63417691111606,-250.3642700195312,0.016322862,0.032104492,2.0748256093015063,0,0,0
2020-02-27 04:00:00,1038.5607,-248.31144409179683,0.016864596,0.011352539,9.651070672760367,-249.12394409179683,0.017223177,0.013744354,4.253399395972752,-250.53019409179683,0.016170321,0.029891968,2.430402569803232,0,0,0
2020-02-27 05:00:00,1046.1090000000002,-248.4823120117187,0.016742371,0.009025574,9.40620201935048,-249.4744995117187,0.017100953,0.010368347,4.723252327457017,-250.6776245117187,0.01599469,0.02683258,2.6732843476688397,0,0,0
2020-02-27 06:00:00,1063.0691,-248.45393066406245,0.016566668,0.007194519,10.449764055572674,-249.53986816406245,0.017024431,0.007843018,5.382235297937853,-250.78986816406245,0.015811358,0.026008606,2.7783379042995344,0,0,0
2020-02-27 07:00:00,1183.8781,-247.49909667968745,0.01623076,0.0058498383,15.034695987450446,-247.53815917968745,0.016925035,0.006925583,9.283599112339877,-250.05378417968745,0.015757738,0.020309448,2.9669599545267102,0,0,0
2020-02-27 08:00:00,1359.2189,-246.4896362304687,0.016116317,0.0035066605,16.072121778088512,-245.1615112304687,0.016177353,0.007923126,10.63746737375422,-248.3333862304687,0.015193162,0.011192322,2.998710918036681,0,0,0
2020-02-27 09:00:00,1447.4663,-245.41410522460933,0.016078077,0.006313324,15.637528453773577,-242.92973022460933,0.015379988,0.0069389343,10.398417660574614,-246.24223022460933,0.014433943,0.009708405,2.402023526318688,0,0,0
2020-02-27 10:00:00,1523.7416999999998,-244.37653808593745,0.015887402,0.012371063,15.893394480039326,-240.89216308593745,0.014971875,0.0061473846,9.977468245457429,-244.31403808593745,0.013823651,0.011463165,1.7121076266614694,0,0,0
2020-02-27 11:00:00,1572.2805,-243.5189331054687,0.01567384,0.014842987,16.530500900516376,-239.2533081054687,0.014952864,0.006532669,9.254847589409469,-242.8470581054687,0.013938154,0.012485504,0.9274554351680698,0,0,0
2020-02-27 12:00:00,1578.4043,-242.89201049804683,0.015463764,0.012176514,17.339219319546316,-238.11076049804683,0.014944965,0.0077705383,8.907313104724986,-241.89201049804683,0.014212543,0.012359619,0.9807616154344856,0,0,0
2020-02-27 13:00:00,1623.5005,-242.48612670898433,0.015257576,0.008174896,18.416422290590308,-237.47050170898433,0.01463578,0.014125824,9.506928007787987,-241.22050170898433,0.013891914,0.02217102,1.361129635935643,0,0,0
2020-02-27 14:00:00,1628.8311,-242.4486206054687,0.015089721,0.006603241,19.729980675387694,-237.4329956054687,0.0143573,0.024162292,10.670258373503623,-241.1204956054687,0.0137278745,0.022323608,1.724184073413629,0,0,0
2020-02-27 15:00:00,1579.9664,-242.7832153320312,0.014979155,0.006498337,20.890806945145417,-238.0332153320312,0.014132292,0.040283203,11.491319787145402,-241.6582153320312,0.013808043,0.04724121,2.1710753679955817,0,0,0
2020-02-27 16:00:00,1522.6905000000002,-243.49287109374995,0.014952501,0.0066833496,21.704600930173445,-239.16474609374995,0.014117083,0.032424927,11.648281641940194,-242.77412109374995,0.0142315235,0.047790527,2.1320120782993137,0,0,0
2020-02-27 17:00:00,1397.7853,-244.6240356445312,0.015097558,0.0069332123,21.770494116177066,-240.9365356445312,0.0142163625,0.027168274,11.19685113783478,-244.2959106445312,0.014834343,0.039718628,1.6545823925665348,0,0,0
2020-02-27 18:00:00,1370.7554,-245.8934448242187,0.0154299075,0.007785797,20.69902912019196,-243.4715698242187,0.014689856,0.02028656,8.938311495986923,-246.2996948242187,0.015971594,0.04774475,1.2686000951520655,0,0,0
2020-02-27 19:00:00,1428.5766999999998,-246.67011718749995,0.015804136,0.009662628,19.55044214865761,-245.23261718749995,0.014953459,0.030136108,9.197631580835218,-247.73261718749995,0.0163916,0.068725586,0.8169500374277383,0,0,0
2020-02-27 20:00:00,1380.9023,-247.07072143554683,0.016085962,0.01039505,18.244570926336767,-246.47697143554683,0.015265801,0.03463745,11.128966235249884,-248.50822143554683,0.016208032,0.08755493,0.5022835557507691,0,0,0
2020-02-27 21:00:00,1354.939,-247.2622192382812,0.01627685,0.011772156,17.107922054103398,-247.3403442382812,0.015681757,0.030632019,10.883525016775195,-249.0747192382812,0.016086115,0.09274292,0.7709394132376235,0,0,0
2020-02-27 22:00:00,1307.7019,-247.4380004882812,0.016453026,0.013790131,16.436793276602753,-247.9536254882812,0.016010521,0.030662537,10.34409555278642,-249.4848754882812,0.015926598,0.09851074,1.7697032698329964,0,0,0
2020-02-27 23:00:00,1232.3307,-247.5921752929687,0.016560474,0.015007019,16.76863647377011,-248.4046752929687,0.016148487,0.03590393,10.01397594760317,-249.7953002929687,0.015782276,0.09753418,3.1450555824377613,0,0,0
2020-02-28 00:00:00,1177.5057000000002,-247.7199829101562,0.016606223,0.018943787,17.312231178813203,-248.7121704101562,0.01614083,0.037200928,10.101430085414036,-250.1340454101562,0.015705954,0.09387207,4.189794491391724,0,0,0
2020-02-28 01:00:00,1134.0441,-247.82636718749995,0.016613813,0.026527405,17.93286782455851,-248.95136718749995,0.016056867,0.03753662,10.575432431733658,-250.45136718749995,0.015606734,0.087005615,4.840180049416199,0,0,0
2020-02-28 02:00:00,1099.4325,-247.93711547851558,0.016636686,0.028915405,18.612428635049863,-249.12461547851558,0.015911894,0.032730103,11.326736519163877,-250.71055297851558,0.015438872,0.08078003,5.396579135721353,0,0,0
2020-02-28 03:00:00,1103.8236,-248.03922729492183,0.016743513,0.028671265,18.663901834542884,-249.25797729492183,0.01575932,0.026054382,12.016525562602515,-250.89860229492183,0.015259596,0.07192993,6.068994223712128,0,0,0
2020-02-28 04:00:00,1192.7134,-248.13303833007808,0.016903728,0.036346436,18.03229486621406,-249.41428833007808,0.015637249,0.015625,11.92368467742338,-251.03147583007808,0.015053599,0.06448364,6.425000905433918,0,0,0
2020-02-28 05:00:00,1209.0651,-248.21458129882808,0.017041035,0.04512024,17.537619111682332,-249.55833129882808,0.015587635,0.008636475,11.415739998811246,-251.15208129882808,0.014832325,0.054855347,6.604483572720058,0,0,0
2020-02-28 06:00:00,1251.2361,-248.17048339843745,0.017094482,0.042053223,17.601142898210963,-249.56892089843745,0.015625823,0.007293701,11.3695203791692,-251.24860839843745,0.014634002,0.051971436,6.627017702147231,0,0,0
2020-02-28 07:00:00,1339.3083,-247.33311157226558,0.016911015,0.03916931,21.82891848280409,-247.92686157226558,0.01570557,0.010063171,14.49199985137948,-250.60654907226558,0.014442905,0.045639038,6.969770230593025,0,0,0
2020-02-28 08:00:00,1520.3095,-246.08124999999995,0.016323252,0.040283203,25.524665517978637,-245.39374999999995,0.015190287,0.01612091,17.522400501876007,-248.97968749999995,0.014084024,0.028274536,7.21269689651493,0,0,0
2020-02-28 09:00:00,1606.742,-244.91837768554683,0.01600257,0.02986908,26.188151853182607,-242.98087768554683,0.014430914,0.015548706,18.07750715540208,-247.03556518554683,0.013584051,0.016860962,6.926164255153618,0,0,0
2020-02-28 10:00:00,1675.5947,-243.9087036132812,0.015727509,0.01953125,26.441601556007907,-240.9712036132812,0.014171112,0.017593384,17.793852415282515,-245.2524536132812,0.013099182,0.0153541565,6.379058452596135,0,0,0
2020-02-28 11:00:00,1718.2346,-243.06040649414058,0.01548246,0.012462616,26.756632683843552,-239.48228149414058,0.0143189775,0.022064209,17.12382445818419,-243.93540649414058,0.013182198,0.018821716,5.521003921272476,0,0,0
2020-02-28 12:00:00,1723.5715,-242.47675781249995,0.015271954,0.008167267,27.410450444658903,-238.50800781249995,0.014585309,0.02695465,16.703977858035444,-243.22675781249995,0.013746075,0.030853271,4.679284988949968,0,0,0
2020-02-28 13:00:00,1726.4,-242.24995117187495,0.015187348,0.0055885315,28.156921338070347,-238.06245117187495,0.014748658,0.028831482,16.61156287036514,-242.92182617187495,0.014073457,0.041305542,4.367499084821931,0,0,0
2020-02-28 14:00:00,1738.0386,-242.38447265624995,0.0152249485,0.0033102036,28.86130712265342,-238.13447265624995,0.014778629,0.029067993,16.826620101582158,-243.02509765624995,0.014343753,0.047683716,4.316214366669641,0,0,0
2020-02-28 15:00:00,1707.7741,-242.86018066406245,0.015251191,0.003645897,29.1094938856268,-238.84455566406245,0.014717134,0.0289917,17.081111876413967,-243.48518066406245,0.014499696,0.05340576,4.52592890778595,0,0,0
2020-02-28 16:00:00,1599.5586999999998,-243.71604614257808,0.01538821,0.0043182373,28.84743217795509,-240.41917114257808,0.014686306,0.035964966,17.45655759874329,-244.35667114257808,0.014556606,0.063690186,5.026506568187224,0,0,0
2020-02-28 17:00:00,1483.0212,-244.91779785156245,0.015678095,0.0048065186,27.896263512240058,-242.55842285156245,0.014690088,0.038497925,17.562203258030216,-245.69904785156245,0.014590906,0.06829834,5.817539358755885,0,0,0
2020-02-28 18:00:00,1472.3079,-246.09919433593745,0.01606753,0.0053863525,26.0857034398192,-244.81794433593745,0.014816308,0.0552063,15.52550870642446,-247.44294433593745,0.014705682,0.06991577,6.45257725346819,0,0,0
2020-02-28 19:00:00,1480.6516,-246.72602539062495,0.016510837,0.011650085,24.853568151344295,-246.24165039062495,0.01508414,0.060562134,14.11087572804239,-248.78852539062495,0.014798038,0.07620239,7.145647701006154,0,0,0
2020-02-28 20:00:00,1436.8998,-246.99674682617183,0.016801482,0.018089294,24.236993103864947,-247.04362182617183,0.015382414,0.053390503,13.164978732951395,-249.69987182617183,0.0151459025,0.08779907,6.966463759842558,0,0,0
2020-02-28 21:00:00,1364.4908,-247.07697753906245,0.016870761,0.026000977,24.572014721440794,-247.46760253906245,0.015672946,0.05101013,12.614910023262931,-250.17854003906245,0.015398287,0.09667969,6.657165490175712,0,0,0
2020-02-28 22:00:00,1264.0725,-247.1168334960937,0.016787749,0.03173828,25.406951709924385,-247.7574584960937,0.015940886,0.04814148,12.57307385354548,-250.3668334960937,0.015650969,0.10116577,6.529263149474484,0,0,0
2020-02-28 23:00:00,1240.9742,-247.23151855468745,0.016788652,0.033706665,25.78465982422449,-247.98933105468745,0.016117265,0.043045044,12.816178992575228,-250.42683105468745,0.015873125,0.10321045,6.497183180596539,0,0,0
2020-02-29 00:00:00,1191.5302,-247.3641479492187,0.016757753,0.037338257,26.412175370697884,-248.2078979492187,0.01615503,0.044006348,13.010329728987749,-250.4969604492187,0.015979555,0.102874756,6.4412894226916935,0,0,0
2020-02-29 01:00:00,1149.7847,-247.49543457031245,0.016681153,0.035308838,26.864824586228515,-248.42512207031245,0.016177613,0.045150757,13.031718636188897,-250.55793457031245,0.016009767,0.10006714,6.312795397201521,0,0,0
2020-02-29 02:00:00,1120.8928,-247.65208129882808,0.016558947,0.038238525,26.51545997941431,-248.60520629882808,0.016200365,0.042892456,12.909969061852104,-250.62083129882808,0.015986742,0.098083496,6.219023618573223,0,0,0
2020-02-29 03:00:00,1097.0375,-247.74241333007808,0.016360693,0.031677246,26.6031996674074,-248.68772583007808,0.016208105,0.04534912,12.805299585689044,-250.66428833007808,0.015963964,0.096221924,6.195040017061091,0,0,0
2020-02-29 04:00:00,1069.5150999999998,-247.8143432617187,0.016185546,0.027793884,26.05317518099701,-248.7284057617187,0.016170288,0.055389404,12.78574523520168,-250.6893432617187,0.015964294,0.09234619,6.17671451010019,0,0,0
2020-02-29 05:00:00,1077.437,-247.8530395507812,0.016039986,0.026741028,25.59000713102324,-248.8217895507812,0.01611628,0.06591797,12.858285855304304,-250.7046020507812,0.015933175,0.09399414,6.253660018429098,0,0,0
2020-02-29 06:00:00,1058.2732,-247.76582031249995,0.015947867,0.030723572,26.185372836955207,-248.80488281249995,0.016092826,0.05857849,13.087539139391245,-250.68769531249995,0.015879203,0.09112549,6.574054246772075,0,0,0
2020-02-29 07:00:00,1108.999,-246.95524291992183,0.015756775,0.023277283,29.203489163058496,-247.21305541992183,0.01619928,0.049072266,16.163749572173334,-250.04118041992183,0.015855957,0.093322754,7.110974265841528,0,0,0
2020-02-29 08:00:00,1233.327,-245.85639648437495,0.015283591,0.031845093,32.82448224300704,-244.96577148437495,0.015779503,0.0476532,19.61897736290333,-248.49702148437495,0.015588767,0.083618164,7.589108689033893,0,0,0
2020-02-29 09:00:00,1388.3168,-244.87324218749995,0.014989221,0.037261963,33.48943557186169,-242.85761718749995,0.014977776,0.04685974,20.943134940190948,-246.59199218749995,0.014993035,0.07330322,7.588832229221535,0,0,0
2020-02-29 10:00:00,1506.3136,-243.98930053710933,0.014862716,0.03263855,33.380730338909366,-241.09867553710933,0.014389694,0.047836304,21.18545612030552,-244.94242553710933,0.014462173,0.07366943,7.041080944673609,0,0,0
2020-02-29 11:00:00,1507.6298000000002,-243.24152832031245,0.014869604,0.015411377,33.0212353994318,-239.85090332031245,0.014003668,0.04560852,20.74729227438487,-243.86652832031245,0.014411841,0.066711426,6.193282847874531,0,0,0
2020-02-29 12:00:00,1491.3469,-242.77531127929683,0.014853665,0.018035889,32.72749524959862,-239.05656127929683,0.013686367,0.037597656,20.26856753737397,-243.35343627929683,0.014357754,0.06466675,5.884254173136326,0,0,0
2020-02-29 13:00:00,1508.0047,-242.66233520507808,0.014788246,0.024559021,32.14652743414472,-238.78733520507808,0.013514137,0.02394867,19.96592120698553,-243.25608520507808,0.014193153,0.056762695,6.139096675864086,0,0,0
2020-02-29 14:00:00,1497.2564,-242.8610961914062,0.014722864,0.026252747,31.37916503495617,-239.1110961914062,0.0133953495,0.013534546,19.86323707130043,-243.4860961914062,0.013906519,0.045578003,6.6677718556167385,0,0,0
2020-02-29 15:00:00,1429.6777,-243.32420043945308,0.014634632,0.02394104,30.652992229424967,-240.07420043945308,0.0131736025,0.009571075,19.78036718631357,-244.08982543945308,0.013669513,0.04182434,7.258498442297885,0,0,0
2020-02-29 16:00:00,1360.2885,-244.09821777343745,0.014581105,0.016426086,30.69034550357663,-241.50446777343745,0.013108632,0.006422043,19.687584751491688,-245.12946777343745,0.013684651,0.037078857,7.948697512471801,0,0,0
2020-02-29 17:00:00,1299.6685,-245.23533325195308,0.01458507,0.011440277,30.695878379073804,-243.39158325195308,0.01326137,0.0039958954,18.968871925125555,-246.48533325195308,0.013845019,0.038909912,8.382773200775775,0,0,0
2020-02-29 18:00:00,1312.6835,-246.3463256835937,0.014711399,0.016685486,29.680374597205955,-245.5025756835937,0.0136547275,0.010402679,15.744825374135203,-248.1588256835937,0.014528293,0.058563232,7.727248581221283,0,0,0
2020-02-29 19:00:00,1334.308,-246.89912109374995,0.0148760425,0.017372131,28.75525431775741,-246.78974609374995,0.014219915,0.022193909,13.732067702284567,-249.27412109374995,0.015177404,0.08544922,7.074853568027624,0,0,0
2020-02-29 20:00:00,1325.1245,-247.22044067382808,0.014983501,0.012088776,27.436381679675836,-247.50169067382808,0.014575329,0.01789856,13.245369017699698,-249.79075317382808,0.015395489,0.09161377,7.081917444273126,0,0,0
2020-02-29 21:00:00,1298.5433,-247.3911254882812,0.015010948,0.008274078,27.036327490071404,-247.9380004882812,0.01467144,0.010005951,13.58004028157031,-250.1411254882812,0.015529747,0.09182739,7.22866446415261,0,0,0
2020-02-29 22:00:00,1280.1748,-247.58018188476558,0.015088211,0.0042591095,26.99007477486009,-248.27549438476558,0.014542709,0.0047893524,13.946003150570863,-250.36924438476558,0.015549789,0.09213257,7.249217897520561,0,0,0
2020-02-29 23:00:00,1236.254,-247.79429321289058,0.01512015,0.005630493,27.44341461734263,-248.63023071289058,0.014429689,0.002571106,13.67664476507412,-250.53648071289058,0.015478731,0.086883545,7.106035463823873,0,0,0
